TR,F,1998,Gabrielle,14
TR,F,1998,Alyssa,13
TR,F,1998,Angelica,12
TR,F,1998,Kimberly,12
TR,F,1998,Nicole,12
TR,F,1998,Taylor,12
TR,F,1998,Victoria,12
TR,F,1998,Abigail,11
TR,F,1998,Amanda,11
TR,F,1998,Ashley,11
TR,F,1998,Maria,11
TR,F,1998,Gloria,10
TR,F,1998,Jane,10
TR,F,1998,Michelle,10
TR,F,1998,Amber,9
TR,F,1998,Danielle,9
TR,F,1998,Hannah,9
TR,F,1998,Jennifer,9
TR,F,1998,Josephine,9
TR,F,1998,Rachel,9
TR,F,1998,Angela,8
TR,F,1998,Brianna,8
TR,F,1998,Caitlin,8
TR,F,1998,Christina,8
TR,F,1998,Elizabeth,8
TR,F,1998,Jasmine,8
TR,F,1998,Kayla,8
TR,F,1998,Kiana,8
TR,F,1998,Selena,8
TR,F,1998,Tiffany,8
TR,F,1998,Carmen,7
TR,F,1998,Esther,7
TR,F,1998,Jada,7
TR,F,1998,Jessica,7
TR,F,1998,Julia,7
TR,F,1998,Kiara,7
TR,F,1998,Natasha,7
TR,F,1998,Samantha,7
TR,F,1998,Tara,7
TR,F,1998,Alexandra,6
TR,F,1998,Christine,6
TR,F,1998,Destiny,6
TR,F,1998,Emily,6
TR,F,1998,Faith,6
TR,F,1998,Florence,6
TR,F,1998,Marissa,6
TR,F,1998,Rebecca,6
TR,F,1998,Sarah,6
TR,F,1998,Sierra,6
TR,F,1998,Stephanie,6
TR,F,1998,Theresa,6
TR,F,1998,Vanessa,6
TR,F,1998,Andrea,5
TR,F,1998,Ariana,5
TR,F,1998,Briana,5
TR,F,1998,Caroline,5
TR,F,1998,Catherine,5
TR,F,1998,Charity,5
TR,F,1998,Chelsea,5
TR,F,1998,Chloe,5
TR,F,1998,Christiana,5
TR,F,1998,Crystal,5
TR,F,1998,Darlene,5
TR,F,1998,Dominique,5
TR,F,1998,Jamie,5
TR,F,1998,Janelle,5
TR,F,1998,Julie,5
TR,F,1998,Kathleen,5
TR,F,1998,Kianna,5
TR,F,1998,Lisa,5
TR,F,1998,Margaret,5
TR,F,1998,Princess,5
TR,F,1998,Savannah,5
TR,F,1998,Tiana,5
TR,F,1999,Alyssa,18
TR,F,1999,Kiara,18
TR,F,1999,Hannah,17
TR,F,1999,Victoria,15
TR,F,1999,Kimberly,14
TR,F,1999,Abigail,13
TR,F,1999,Danielle,13
TR,F,1999,Jasmine,13
TR,F,1999,Gabrielle,12
TR,F,1999,Michelle,12
TR,F,1999,Selena,12
TR,F,1999,Andrea,11
TR,F,1999,Camille,11
TR,F,1999,Elizabeth,11
TR,F,1999,Ashley,10
TR,F,1999,Kayla,10
TR,F,1999,Nicole,10
TR,F,1999,Alexis,9
TR,F,1999,Angela,9
TR,F,1999,Kiana,9
TR,F,1999,Lauren,9
TR,F,1999,Maria,9
TR,F,1999,Amber,8
TR,F,1999,Christina,8
TR,F,1999,Crystal,8
TR,F,1999,Grace,8
TR,F,1999,Rachel,8
TR,F,1999,Sarah,8
TR,F,1999,Stephanie,8
TR,F,1999,Tiffany,8
TR,F,1999,Veronica,8
TR,F,1999,Amanda,7
TR,F,1999,Anna,7
TR,F,1999,Brianna,7
TR,F,1999,Catherine,7
TR,F,1999,Christine,7
TR,F,1999,Emily,7
TR,F,1999,Janelle,7
TR,F,1999,Julia,7
TR,F,1999,Precious,7
TR,F,1999,Samantha,7
TR,F,1999,Tamara,7
TR,F,1999,Taylor,7
TR,F,1999,Angel,6
TR,F,1999,Ariel,6
TR,F,1999,Faith,6
TR,F,1999,Isabella,6
TR,F,1999,Jennifer,6
TR,F,1999,Jessica,6
TR,F,1999,Leilani,6
TR,F,1999,Lisa,6
TR,F,1999,Mariah,6
TR,F,1999,Patricia,6
TR,F,1999,Rebecca,6
TR,F,1999,Sophia,6
TR,F,1999,Trinity,6
TR,F,1999,Alexandria,5
TR,F,1999,Angelica,5
TR,F,1999,Brenda,5
TR,F,1999,Britney,5
TR,F,1999,Cecilia,5
TR,F,1999,Cheyenne,5
TR,F,1999,Chloe,5
TR,F,1999,Christiana,5
TR,F,1999,Makayla,5
TR,F,1999,Mariana,5
TR,F,1999,Maya,5
TR,F,1999,Megan,5
TR,F,1999,Shania,5
TR,F,1999,Sierra,5
TR,F,2000,Kiara,14
TR,F,2000,Ashley,11
TR,F,2000,Angelica,10
TR,F,2000,Brianna,10
TR,F,2000,Christina,10
TR,F,2000,Rachel,10
TR,F,2000,Victoria,10
TR,F,2000,Alyssa,9
TR,F,2000,Gabrielle,9
TR,F,2000,Kayla,9
TR,F,2000,Maria,9
TR,F,2000,Amber,8
TR,F,2000,Angela,8
TR,F,2000,Danielle,8
TR,F,2000,Emily,8
TR,F,2000,Jasmine,8
TR,F,2000,Samantha,8
TR,F,2000,Sarah,8
TR,F,2000,Sophia,8
TR,F,2000,Stephanie,8
TR,F,2000,Angel,7
TR,F,2000,Cassandra,7
TR,F,2000,Chloe,7
TR,F,2000,Frances,7
TR,F,2000,Lauren,7
TR,F,2000,Maya,7
TR,F,2000,Megan,7
TR,F,2000,Mia,7
TR,F,2000,Michelle,7
TR,F,2000,Britney,6
TR,F,2000,Charity,6
TR,F,2000,Charlene,6
TR,F,2000,Christine,6
TR,F,2000,Faith,6
TR,F,2000,Grace,6
TR,F,2000,Jessica,6
TR,F,2000,Josephine,6
TR,F,2000,Kiana,6
TR,F,2000,Kimberly,6
TR,F,2000,Mariah,6
TR,F,2000,Amanda,5
TR,F,2000,Amy,5
TR,F,2000,Andrea,5
TR,F,2000,Angelina,5
TR,F,2000,Cheyenne,5
TR,F,2000,Destiny,5
TR,F,2000,Elizabeth,5
TR,F,2000,Isabel,5
TR,F,2000,Isabella,5
TR,F,2000,Isabelle,5
TR,F,2000,Jayda,5
TR,F,2000,Jennifer,5
TR,F,2000,Judy,5
TR,F,2000,Kyra,5
TR,F,2000,Marie,5
TR,F,2000,Maryann,5
TR,F,2000,Mikayla,5
TR,F,2000,Mya,5
TR,F,2000,Naomi,5
TR,F,2000,Olivia,5
TR,F,2000,Shania,5
TR,F,2000,Tiara,5
TR,F,2001,Gabrielle,16
TR,F,2001,Brianna,11
TR,F,2001,Hannah,10
TR,F,2001,Isabella,10
TR,F,2001,Maria,10
TR,F,2001,Nicole,10
TR,F,2001,Madison,9
TR,F,2001,Angelica,8
TR,F,2001,Ashley,8
TR,F,2001,Christina,8
TR,F,2001,Samantha,8
TR,F,2001,Aaliyah,7
TR,F,2001,Alyssa,7
TR,F,2001,Elizabeth,7
TR,F,2001,Faith,7
TR,F,2001,Jada,7
TR,F,2001,Jenna,7
TR,F,2001,Jennifer,7
TR,F,2001,Jessica,7
TR,F,2001,Josephine,7
TR,F,2001,Kiana,7
TR,F,2001,Michelle,7
TR,F,2001,Abigail,6
TR,F,2001,Alexandra,6
TR,F,2001,Angel,6
TR,F,2001,Angela,6
TR,F,2001,Anna,6
TR,F,2001,Chloe,6
TR,F,2001,Danielle,6
TR,F,2001,Isabel,6
TR,F,2001,Jasmine,6
TR,F,2001,Kimberly,6
TR,F,2001,Mary,6
TR,F,2001,Taylor,6
TR,F,2001,Victoria,6
TR,F,2001,Amanda,5
TR,F,2001,Andrea,5
TR,F,2001,Angelina,5
TR,F,2001,Camille,5
TR,F,2001,Christine,5
TR,F,2001,Destiny,5
TR,F,2001,Diana,5
TR,F,2001,Grace,5
TR,F,2001,Johanna,5
TR,F,2001,Kiara,5
TR,F,2001,Kyla,5
TR,F,2001,Megan,5
TR,F,2001,Mia,5
TR,F,2001,Precious,5
TR,F,2001,Princess,5
TR,F,2001,Rochelle,5
TR,F,2001,Sarah,5
TR,F,2001,Sharon,5
TR,F,2001,Trinity,5
TR,F,2002,Chloe,14
TR,F,2002,Faith,12
TR,F,2002,Elizabeth,11
TR,F,2002,Kiara,11
TR,F,2002,Maria,11
TR,F,2002,Aaliyah,10
TR,F,2002,Alyssa,10
TR,F,2002,Angela,10
TR,F,2002,Hannah,10
TR,F,2002,Michelle,10
TR,F,2002,Brianna,9
TR,F,2002,Kayla,9
TR,F,2002,Abigail,8
TR,F,2002,Ashley,8
TR,F,2002,Grace,8
TR,F,2002,Jasmine,8
TR,F,2002,Samantha,8
TR,F,2002,Cassandra,7
TR,F,2002,Charity,7
TR,F,2002,Christina,7
TR,F,2002,Haley,7
TR,F,2002,Angel,6
TR,F,2002,Angelica,6
TR,F,2002,Angeline,6
TR,F,2002,Jennifer,6
TR,F,2002,Josephine,6
TR,F,2002,Leilani,6
TR,F,2002,Madison,6
TR,F,2002,Nicole,6
TR,F,2002,Rachel,6
TR,F,2002,Victoria,6
TR,F,2002,Andrea,5
TR,F,2002,Ariel,5
TR,F,2002,Destiny,5
TR,F,2002,Eliza,5
TR,F,2002,Esther,5
TR,F,2002,Jasmin,5
TR,F,2002,Joyce,5
TR,F,2002,Katelyn,5
TR,F,2002,Mary,5
TR,F,2002,Patricia,5
TR,F,2002,Sarah,5
TR,F,2002,Selena,5
TR,F,2002,Shakira,5
TR,F,2002,Sierra,5
TR,F,2003,Grace,14
TR,F,2003,Victoria,13
TR,F,2003,Ashley,11
TR,F,2003,Elizabeth,11
TR,F,2003,Jessica,11
TR,F,2003,Sarah,11
TR,F,2003,Abigail,10
TR,F,2003,Kayla,10
TR,F,2003,Angel,9
TR,F,2003,Jasmine,9
TR,F,2003,Kiana,9
TR,F,2003,Angelica,8
TR,F,2003,Hannah,8
TR,F,2003,Michelle,8
TR,F,2003,Nicole,8
TR,F,2003,Samantha,8
TR,F,2003,Theresa,8
TR,F,2003,Aaliyah,7
TR,F,2003,Amber,7
TR,F,2003,Christina,7
TR,F,2003,Emma,7
TR,F,2003,Haley,7
TR,F,2003,Jennifer,7
TR,F,2003,Miracle,7
TR,F,2003,Rachel,7
TR,F,2003,Shania,7
TR,F,2003,Alyssa,6
TR,F,2003,Amanda,6
TR,F,2003,Christine,6
TR,F,2003,Diana,6
TR,F,2003,Emily,6
TR,F,2003,Faith,6
TR,F,2003,Gabriella,6
TR,F,2003,Jade,6
TR,F,2003,June,6
TR,F,2003,Kaitlyn,6
TR,F,2003,Kiara,6
TR,F,2003,Makayla,6
TR,F,2003,Sophia,6
TR,F,2003,Veronica,6
TR,F,2003,Amy,5
TR,F,2003,Chelsea,5
TR,F,2003,Chloe,5
TR,F,2003,Crystal,5
TR,F,2003,Danielle,5
TR,F,2003,Gabrielle,5
TR,F,2003,Hailey,5
TR,F,2003,Isabella,5
TR,F,2003,Katrina,5
TR,F,2003,Kimberly,5
TR,F,2003,Kristen,5
TR,F,2003,Maria,5
TR,F,2003,Naomi,5
TR,F,2003,Olivia,5
TR,F,2003,Raina,5
TR,F,2003,Rebecca,5
TR,F,2003,Trinity,5
TR,F,2003,Zoe,5
TR,F,2004,Ashley,12
TR,F,2004,Hannah,11
TR,F,2004,Isabella,11
TR,F,2004,Jasmine,11
TR,F,2004,Maria,11
TR,F,2004,Chloe,10
TR,F,2004,Christina,10
TR,F,2004,Brianna,9
TR,F,2004,Angelina,8
TR,F,2004,Gabrielle,8
TR,F,2004,Jessica,8
TR,F,2004,Samantha,8
TR,F,2004,Alyssa,7
TR,F,2004,Elizabeth,7
TR,F,2004,Hope,7
TR,F,2004,Julia,7
TR,F,2004,Michelle,7
TR,F,2004,Aaliyah,6
TR,F,2004,Alana,6
TR,F,2004,Alexis,6
TR,F,2004,Caroline,6
TR,F,2004,Emma,6
TR,F,2004,Faith,6
TR,F,2004,Madison,6
TR,F,2004,Nicole,6
TR,F,2004,Olivia,6
TR,F,2004,Princess,6
TR,F,2004,Rachel,6
TR,F,2004,Sierra,6
TR,F,2004,Stephanie,6
TR,F,2004,Victoria,6
TR,F,2004,Alexandra,5
TR,F,2004,Amaya,5
TR,F,2004,Amber,5
TR,F,2004,Anna,5
TR,F,2004,Arianna,5
TR,F,2004,Asia,5
TR,F,2004,Danielle,5
TR,F,2004,Emily,5
TR,F,2004,Erin,5
TR,F,2004,Kristina,5
TR,F,2004,Kyra,5
TR,F,2004,Makayla,5
TR,F,2004,Mary,5
TR,F,2004,Maya,5
TR,F,2004,Mikayla,5
TR,F,2004,Miracle,5
TR,F,2004,Monica,5
TR,F,2004,Naomi,5
TR,F,2004,Natalie,5
TR,F,2004,Patricia,5
TR,F,2004,Tia,5
TR,F,2004,Trinity,5
TR,F,2004,Zoe,5
TR,F,2005,Angel,16
TR,F,2005,Abigail,14
TR,F,2005,Angelina,13
TR,F,2005,Hannah,12
TR,F,2005,Samantha,12
TR,F,2005,Alana,11
TR,F,2005,Ashley,10
TR,F,2005,Elizabeth,10
TR,F,2005,Kayla,10
TR,F,2005,Trinity,10
TR,F,2005,Chloe,9
TR,F,2005,Victoria,9
TR,F,2005,Alyssa,8
TR,F,2005,Brianna,8
TR,F,2005,Christine,8
TR,F,2005,Emma,8
TR,F,2005,Isabella,8
TR,F,2005,Jasmine,8
TR,F,2005,Jennifer,8
TR,F,2005,Destiny,7
TR,F,2005,Esther,7
TR,F,2005,Faith,7
TR,F,2005,Jada,7
TR,F,2005,Jessica,7
TR,F,2005,Maria,7
TR,F,2005,Nicole,7
TR,F,2005,Tiara,7
TR,F,2005,Anna,6
TR,F,2005,Danielle,6
TR,F,2005,Erin,6
TR,F,2005,Madison,6
TR,F,2005,Maya,6
TR,F,2005,Rachel,6
TR,F,2005,Angela,5
TR,F,2005,Angelica,5
TR,F,2005,Annie,5
TR,F,2005,Arianna,5
TR,F,2005,Ava,5
TR,F,2005,Christina,5
TR,F,2005,Gabriella,5
TR,F,2005,Gabrielle,5
TR,F,2005,Grace,5
TR,F,2005,Kiana,5
TR,F,2005,Leah,5
TR,F,2005,Michelle,5
TR,F,2005,Miracle,5
TR,F,2005,Nia,5
TR,F,2005,Salvation,5
TR,F,2005,Sarah,5
TR,F,2006,Isabella,12
TR,F,2006,Jasmine,12
TR,F,2006,Emma,11
TR,F,2006,Abigail,10
TR,F,2006,Chloe,10
TR,F,2006,Destiny,10
TR,F,2006,Gabriella,9
TR,F,2006,Jennifer,9
TR,F,2006,Kayla,9
TR,F,2006,Samantha,9
TR,F,2006,Sarah,9
TR,F,2006,Faith,8
TR,F,2006,Hannah,8
TR,F,2006,Michelle,8
TR,F,2006,Angelina,7
TR,F,2006,Ashley,7
TR,F,2006,Grace,7
TR,F,2006,Madison,7
TR,F,2006,Mia,7
TR,F,2006,Natalie,7
TR,F,2006,Sophia,7
TR,F,2006,Angelica,6
TR,F,2006,Ariana,6
TR,F,2006,Elizabeth,6
TR,F,2006,Emily,6
TR,F,2006,Gabrielle,6
TR,F,2006,Kaitlyn,6
TR,F,2006,Kyra,6
TR,F,2006,Lauren,6
TR,F,2006,Layla,6
TR,F,2006,Lisa,6
TR,F,2006,Serenity,6
TR,F,2006,Tina,6
TR,F,2006,Trinity,6
TR,F,2006,Aaliyah,5
TR,F,2006,Angela,5
TR,F,2006,Ava,5
TR,F,2006,Breanna,5
TR,F,2006,Brianna,5
TR,F,2006,Christina,5
TR,F,2006,Dominique,5
TR,F,2006,Haley,5
TR,F,2006,Jessica,5
TR,F,2006,Kaylee,5
TR,F,2006,Keira,5
TR,F,2006,Kimberly,5
TR,F,2006,Kyla,5
TR,F,2006,Leilani,5
TR,F,2006,Makayla,5
TR,F,2006,Maria,5
TR,F,2006,Maya,5
TR,F,2006,Victoria,5
TR,F,2007,Mikayla,12
TR,F,2007,Chloe,11
TR,F,2007,Esther,10
TR,F,2007,Hailey,10
TR,F,2007,Maria,10
TR,F,2007,Andrea,9
TR,F,2007,Elizabeth,9
TR,F,2007,Jasmine,9
TR,F,2007,Princess,9
TR,F,2007,Samantha,9
TR,F,2007,Alexis,8
TR,F,2007,Amaya,8
TR,F,2007,Brianna,8
TR,F,2007,Jessica,8
TR,F,2007,Kayla,8
TR,F,2007,Nicole,8
TR,F,2007,Savannah,8
TR,F,2007,Victoria,8
TR,F,2007,Alyssa,7
TR,F,2007,Ariana,7
TR,F,2007,Ashley,7
TR,F,2007,Ava,7
TR,F,2007,Destiny,7
TR,F,2007,Faith,7
TR,F,2007,Rihanna,7
TR,F,2007,Sophia,7
TR,F,2007,Abigail,6
TR,F,2007,Alexa,6
TR,F,2007,Aniyah,6
TR,F,2007,Arianna,6
TR,F,2007,Chelsea,6
TR,F,2007,Christina,6
TR,F,2007,Ciara,6
TR,F,2007,Emma,6
TR,F,2007,Isabella,6
TR,F,2007,Madison,6
TR,F,2007,Tiana,6
TR,F,2007,Trinity,6
TR,F,2007,Addison,5
TR,F,2007,Adrianna,5
TR,F,2007,Alana,5
TR,F,2007,Angel,5
TR,F,2007,Angela,5
TR,F,2007,Angelica,5
TR,F,2007,Aryanna,5
TR,F,2007,Christine,5
TR,F,2007,Gabriella,5
TR,F,2007,Jada,5
TR,F,2007,Jennifer,5
TR,F,2007,Kiara,5
TR,F,2007,Layla,5
TR,F,2007,Leila,5
TR,F,2007,Mary,5
TR,F,2007,Miracle,5
TR,F,2007,Mya,5
TR,F,2007,Nevaeh,5
TR,F,2007,Olivia,5
TR,F,2007,Rachel,5
TR,F,2007,Sara,5
TR,F,2008,Chloe,24
TR,F,2008,Grace,16
TR,F,2008,Sophia,14
TR,F,2008,Abigail,13
TR,F,2008,Hailey,12
TR,F,2008,Isabella,12
TR,F,2008,Michelle,11
TR,F,2008,Hannah,10
TR,F,2008,Kayla,10
TR,F,2008,Sarah,10
TR,F,2008,Ava,9
TR,F,2008,Destiny,9
TR,F,2008,Maria,9
TR,F,2008,Mia,9
TR,F,2008,Amelia,8
TR,F,2008,Arianna,8
TR,F,2008,Jasmine,8
TR,F,2008,Jessica,8
TR,F,2008,Olivia,8
TR,F,2008,Victoria,8
TR,F,2008,Aaliyah,7
TR,F,2008,Alexis,7
TR,F,2008,Amara,7
TR,F,2008,Ana,7
TR,F,2008,Emma,7
TR,F,2008,Gabriella,7
TR,F,2008,Samantha,7
TR,F,2008,Alana,6
TR,F,2008,Alyssa,6
TR,F,2008,Amaya,6
TR,F,2008,Anna,6
TR,F,2008,Ariana,6
TR,F,2008,Ashley,6
TR,F,2008,Aubrey,6
TR,F,2008,Elizabeth,6
TR,F,2008,Faith,6
TR,F,2008,Kaya,6
TR,F,2008,Kaylee,6
TR,F,2008,Lauren,6
TR,F,2008,Madison,6
TR,F,2008,Mariana,6
TR,F,2008,Mikayla,6
TR,F,2008,Natalie,6
TR,F,2008,Serenity,6
TR,F,2008,Vanessa,6
TR,F,2008,Zoe,6
TR,F,2008,Angelina,5
TR,F,2008,Brianna,5
TR,F,2008,Charlotte,5
TR,F,2008,Gianna,5
TR,F,2008,Isabel,5
TR,F,2008,Jada,5
TR,F,2008,Jenna,5
TR,F,2008,Kaitlyn,5
TR,F,2008,Kyla,5
TR,F,2008,Lily,5
TR,F,2008,Megan,5
TR,F,2008,Natasha,5
TR,F,2008,Nevaeh,5
TR,F,2008,Nicole,5
TR,F,2008,Savannah,5
TR,F,2009,Ashley,12
TR,F,2009,Chloe,12
TR,F,2009,Isabella,12
TR,F,2009,Alexis,11
TR,F,2009,Arianna,11
TR,F,2009,Elizabeth,11
TR,F,2009,Gabriella,11
TR,F,2009,Ava,10
TR,F,2009,Lily,10
TR,F,2009,Samantha,10
TR,F,2009,Abigail,9
TR,F,2009,Faith,9
TR,F,2009,Angelina,8
TR,F,2009,Christina,8
TR,F,2009,Destiny,8
TR,F,2009,Grace,8
TR,F,2009,Madison,8
TR,F,2009,Rachel,8
TR,F,2009,Sophia,8
TR,F,2009,Aaliyah,7
TR,F,2009,Jessica,7
TR,F,2009,Josephine,7
TR,F,2009,Kayla,7
TR,F,2009,Maria,7
TR,F,2009,Maya,7
TR,F,2009,Mia,7
TR,F,2009,Princess,7
TR,F,2009,Victoria,7
TR,F,2009,Anna,6
TR,F,2009,Hannah,6
TR,F,2009,Leilani,6
TR,F,2009,Miley,6
TR,F,2009,Sarah,6
TR,F,2009,Alana,5
TR,F,2009,Alyssa,5
TR,F,2009,Amelia,5
TR,F,2009,Angela,5
TR,F,2009,Blessing,5
TR,F,2009,Brianna,5
TR,F,2009,Christine,5
TR,F,2009,Danielle,5
TR,F,2009,Emma,5
TR,F,2009,Erica,5
TR,F,2009,Hailey,5
TR,F,2009,Jasmine,5
TR,F,2009,Jennifer,5
TR,F,2009,Julia,5
TR,F,2009,Kaylee,5
TR,F,2009,Malia,5
TR,F,2009,Michelle,5
TR,F,2009,Mikayla,5
TR,F,2009,Naomi,5
TR,F,2009,Olivia,5
TR,F,2010,Sophia,13
TR,F,2010,Ava,12
TR,F,2010,Khloe,12
TR,F,2010,Victoria,12
TR,F,2010,Chloe,11
TR,F,2010,Gabriella,9
TR,F,2010,Isabella,9
TR,F,2010,Leah,9
TR,F,2010,Madison,9
TR,F,2010,Abigail,8
TR,F,2010,Arianna,8
TR,F,2010,Grace,8
TR,F,2010,Jessica,8
TR,F,2010,Mia,8
TR,F,2010,Nevaeh,8
TR,F,2010,Alana,7
TR,F,2010,Angela,7
TR,F,2010,Zoe,7
TR,F,2010,Alexia,6
TR,F,2010,Amanda,6
TR,F,2010,Chelsea,6
TR,F,2010,Kaylee,6
TR,F,2010,Sadie,6
TR,F,2010,Samantha,6
TR,F,2010,Theresa,6
TR,F,2010,Tiana,6
TR,F,2010,Aaliyah,5
TR,F,2010,Angelina,5
TR,F,2010,Ashley,5
TR,F,2010,Blessing,5
TR,F,2010,Christina,5
TR,F,2010,Claire,5
TR,F,2010,Ella,5
TR,F,2010,Emily,5
TR,F,2010,Erin,5
TR,F,2010,Gabrielle,5
TR,F,2010,Gloria,5
TR,F,2010,Hannah,5
TR,F,2010,Maia,5
TR,F,2010,Makayla,5
TR,F,2010,Mele,5
TR,F,2010,Princess,5
TR,F,2010,Riley,5
TR,F,2010,Taylor,5
TR,F,2011,Isabella,15
TR,F,2011,Chloe,11
TR,F,2011,Sophia,11
TR,F,2011,Destiny,10
TR,F,2011,Abigail,9
TR,F,2011,Ava,9
TR,F,2011,Olivia,9
TR,F,2011,Alyssa,8
TR,F,2011,Angela,8
TR,F,2011,Khloe,8
TR,F,2011,Mia,8
TR,F,2011,Faith,7
TR,F,2011,Gabriella,7
TR,F,2011,Grace,7
TR,F,2011,Madison,7
TR,F,2011,Rachel,7
TR,F,2011,Samantha,7
TR,F,2011,Arianna,6
TR,F,2011,Elizabeth,6
TR,F,2011,Ella,6
TR,F,2011,Jasmine,6
TR,F,2011,Maya,6
TR,F,2011,Sarah,6
TR,F,2011,Teresa,6
TR,F,2011,Zoe,6
TR,F,2011,Alexis,5
TR,F,2011,Amaya,5
TR,F,2011,Amelia,5
TR,F,2011,Andrea,5
TR,F,2011,Ashley,5
TR,F,2011,Aurora,5
TR,F,2011,Christina,5
TR,F,2011,Hailey,5
TR,F,2011,Jennifer,5
TR,F,2011,Layla,5
TR,F,2011,Leilani,5
TR,F,2011,Naomi,5
TR,F,2011,Natalie,5
TR,F,2011,Princess,5
TR,F,2011,Trinity,5
TR,F,2012,Isabella,11
TR,F,2012,Elizabeth,10
TR,F,2012,Amaya,9
TR,F,2012,Chloe,9
TR,F,2012,Abigail,8
TR,F,2012,Alice,8
TR,F,2012,Grace,8
TR,F,2012,Khloe,8
TR,F,2012,Sophia,8
TR,F,2012,Amelia,7
TR,F,2012,Ava,7
TR,F,2012,Emma,7
TR,F,2012,Rachel,7
TR,F,2012,Victoria,7
TR,F,2012,Anna,6
TR,F,2012,Bella,6
TR,F,2012,Brianna,6
TR,F,2012,Evangeline,6
TR,F,2012,Gabriella,6
TR,F,2012,Jasmine,6
TR,F,2012,Jessica,6
TR,F,2012,Nevaeh,6
TR,F,2012,Amy,5
TR,F,2012,Angel,5
TR,F,2012,Claire,5
TR,F,2012,Emily,5
TR,F,2012,Jenny,5
TR,F,2012,Katherine,5
TR,F,2012,Lauren,5
TR,F,2012,Madison,5
TR,F,2012,Mia,5
TR,F,2013,Isabella,15
TR,F,2013,Victoria,13
TR,F,2013,Madison,12
TR,F,2013,Olivia,10
TR,F,2013,Chloe,8
TR,F,2013,Faith,8
TR,F,2013,Maria,8
TR,F,2013,Nevaeh,8
TR,F,2013,Sophia,8
TR,F,2013,Ariana,7
TR,F,2013,Elizabeth,7
TR,F,2013,Emma,7
TR,F,2013,Precious,7
TR,F,2013,Abigail,6
TR,F,2013,Aria,6
TR,F,2013,Avery,6
TR,F,2013,Emily,6
TR,F,2013,Hannah,6
TR,F,2013,Mary,6
TR,F,2013,Michelle,6
TR,F,2013,Alice,5
TR,F,2013,Alisa,5
TR,F,2013,Angelina,5
TR,F,2013,Ashley,5
TR,F,2013,Christina,5
TR,F,2013,Claire,5
TR,F,2013,Hailey,5
TR,F,2013,Khloe,5
TR,F,2013,Mia,5
TR,F,2013,Serenity,5
TR,F,2013,Sofia,5
TR,F,2013,Zoey,5
TR,F,2014,Olivia,14
TR,F,2014,Sophia,10
TR,F,2014,Abigail,9
TR,F,2014,Chloe,9
TR,F,2014,Claire,9
TR,F,2014,Amelia,8
TR,F,2014,Mia,8
TR,F,2014,Scarlett,8
TR,F,2014,Ariana,7
TR,F,2014,Arianna,7
TR,F,2014,Ava,7
TR,F,2014,Christina,7
TR,F,2014,Emily,7
TR,F,2014,Emma,7
TR,F,2014,Grace,7
TR,F,2014,Hannah,7
TR,F,2014,Anna,6
TR,F,2014,Maria,6
TR,F,2014,Mikayla,6
TR,F,2014,Sofia,6
TR,F,2014,Victoria,6
TR,F,2014,Aaliyah,5
TR,F,2014,Alana,5
TR,F,2014,Alyssa,5
TR,F,2014,Amy,5
TR,F,2014,Angel,5
TR,F,2014,Destiny,5
TR,F,2014,Elizabeth,5
TR,F,2014,Faith,5
TR,F,2014,Gabriella,5
TR,F,2014,Joanna,5
TR,F,2014,Maya,5
TR,F,2014,Nevaeh,5
TR,F,2014,Serenity,5
TR,F,2015,Ava,12
TR,F,2015,Olivia,11
TR,F,2015,Claire,10
TR,F,2015,Aria,9
TR,F,2015,Grace,9
TR,F,2015,Sophia,9
TR,F,2015,Alice,8
TR,F,2015,Amaya,8
TR,F,2015,Emily,8
TR,F,2015,Isabella,8
TR,F,2015,Blessing,7
TR,F,2015,Madison,7
TR,F,2015,Amy,6
TR,F,2015,Ashley,6
TR,F,2015,Chloe,6
TR,F,2015,Fiona,6
TR,F,2015,Hailey,6
TR,F,2015,Mia,6
TR,F,2015,Princess,6
TR,F,2015,Zoe,6
TR,F,2015,Abigail,5
TR,F,2015,Angela,5
TR,F,2015,Ella,5
TR,F,2015,Emma,5
TR,F,2015,Hazel,5
TR,F,2015,Kaylee,5
TR,F,2015,Lily,5
TR,F,2015,Nevaeh,5
TR,F,2015,Riley,5
TR,F,2015,Savannah,5
TR,F,2015,Victoria,5
TR,F,2016,Olivia,15
TR,F,2016,Angela,12
TR,F,2016,Sophia,12
TR,F,2016,Amy,11
TR,F,2016,Chloe,11
TR,F,2016,Faith,11
TR,F,2016,Aria,10
TR,F,2016,Amelia,9
TR,F,2016,Athena,9
TR,F,2016,Grace,9
TR,F,2016,Mia,9
TR,F,2016,Victoria,9
TR,F,2016,Charlotte,8
TR,F,2016,Crystal,8
TR,F,2016,Emily,8
TR,F,2016,Isabella,8
TR,F,2016,Amara,7
TR,F,2016,Hailey,7
TR,F,2016,Catherine,6
TR,F,2016,Kylie,6
TR,F,2016,Melody,6
TR,F,2016,Serenity,6
TR,F,2016,Angel,5
TR,F,2016,Ava,5
TR,F,2016,Bailey,5
TR,F,2016,Eva,5
TR,F,2016,Irene,5
TR,F,2016,Jasmine,5
TR,F,2016,Layla,5
TR,F,2016,Leah,5
TR,F,2016,Lucy,5
TR,F,2016,Madison,5
TR,F,2016,Maya,5
TR,F,2016,Michelle,5
TR,F,2016,Mya,5
TR,F,2016,Naomi,5
TR,F,2016,Penelope,5
TR,F,2016,Riley,5
TR,F,2016,Sarah,5
TR,F,2016,Zoey,5
TR,F,2017,Olivia,13
TR,F,2017,Amy,12
TR,F,2017,Ava,11
TR,F,2017,Sophia,11
TR,F,2017,Emma,10
TR,F,2017,Abigail,9
TR,F,2017,Anna,9
TR,F,2017,Emily,8
TR,F,2017,Isabella,8
TR,F,2017,Mia,8
TR,F,2017,Amelia,7
TR,F,2017,Annie,7
TR,F,2017,Bella,7
TR,F,2017,Charlotte,7
TR,F,2017,Jasmine,7
TR,F,2017,Sarah,7
TR,F,2017,Aria,6
TR,F,2017,Destiny,6
TR,F,2017,Elizabeth,6
TR,F,2017,Grace,6
TR,F,2017,Savannah,6
TR,F,2017,Alana,5
TR,F,2017,Anne,5
TR,F,2017,Ashley,5
TR,F,2017,Chloe,5
TR,F,2017,Christina,5
TR,F,2017,Ella,5
TR,F,2017,Irene,5
TR,F,2017,Luna,5
TR,F,2017,Mila,5
TR,F,2017,Miracle,5
TR,F,2017,Rachel,5
TR,F,2017,Scarlett,5
TR,F,2017,Serenity,5
TR,F,2018,Olivia,12
TR,F,2018,Sophia,12
TR,F,2018,Isabella,10
TR,F,2018,Mia,10
TR,F,2018,Angela,9
TR,F,2018,Emily,8
TR,F,2018,Iris,8
TR,F,2018,Faith,7
TR,F,2018,Amelia,6
TR,F,2018,Amy,6
TR,F,2018,Aria,6
TR,F,2018,Luna,6
TR,F,2018,Sarah,6
TR,F,2018,Alice,5
TR,F,2018,Ariana,5
TR,F,2018,Catherine,5
TR,F,2018,Chloe,5
TR,F,2018,Daisy,5
TR,F,2018,Ella,5
TR,F,2018,Hannah,5
TR,F,2018,Jasmine,5
TR,F,2018,Layla,5
TR,F,2018,Riley,5
TR,F,2018,Zoey,5
TR,M,1998,Michael,48
TR,M,1998,Joseph,38
TR,M,1998,Christian,34
TR,M,1998,David,34
TR,M,1998,Christopher,33
TR,M,1998,Joshua,32
TR,M,1998,Brandon,31
TR,M,1998,John,31
TR,M,1998,Kyle,29
TR,M,1998,Justin,27
TR,M,1998,Daniel,24
TR,M,1998,Austin,21
TR,M,1998,Matthew,21
TR,M,1998,Jason,20
TR,M,1998,Anthony,19
TR,M,1998,Dylan,19
TR,M,1998,Jacob,19
TR,M,1998,Jonathan,19
TR,M,1998,Kevin,19
TR,M,1998,Nathaniel,18
TR,M,1998,Robert,16
TR,M,1998,Shane,16
TR,M,1998,Andrew,14
TR,M,1998,Jeremiah,14
TR,M,1998,Jordan,14
TR,M,1998,Ryan,14
TR,M,1998,Alexander,13
TR,M,1998,Peter,13
TR,M,1998,Edward,12
TR,M,1998,Gabriel,12
TR,M,1998,Isaiah,12
TR,M,1998,James,12
TR,M,1998,Mark,12
TR,M,1998,Nathan,12
TR,M,1998,Richard,12
TR,M,1998,Vincent,12
TR,M,1998,Aaron,11
TR,M,1998,Antonio,11
TR,M,1998,Jose,11
TR,M,1998,Kenneth,11
TR,M,1998,Nicholas,11
TR,M,1998,Paul,11
TR,M,1998,William,11
TR,M,1998,Eric,10
TR,M,1998,Jeremy,10
TR,M,1998,Jerome,10
TR,M,1998,Noah,10
TR,M,1998,Tyler,10
TR,M,1998,Zachary,10
TR,M,1998,Benjamin,9
TR,M,1998,Devin,9
TR,M,1998,Elijah,9
TR,M,1998,Ethan,9
TR,M,1998,Frank,9
TR,M,1998,Junior,9
TR,M,1998,Marcus,9
TR,M,1998,Steven,9
TR,M,1998,Thomas,9
TR,M,1998,Xavier,9
TR,M,1998,Adrian,8
TR,M,1998,Brian,8
TR,M,1998,Calvin,8
TR,M,1998,Carlos,8
TR,M,1998,Jesse,8
TR,M,1998,Johnny,8
TR,M,1998,Nicolas,8
TR,M,1998,Raymond,8
TR,M,1998,Dante,7
TR,M,1998,Devon,7
TR,M,1998,Francis,7
TR,M,1998,George,7
TR,M,1998,Jeffrey,7
TR,M,1998,Joaquin,7
TR,M,1998,Joel,7
TR,M,1998,Malik,7
TR,M,1998,Scott,7
TR,M,1998,Sean,7
TR,M,1998,Sione,7
TR,M,1998,Timothy,7
TR,M,1998,Aj,6
TR,M,1998,Allen,6
TR,M,1998,Bryan,6
TR,M,1998,Dandre,6
TR,M,1998,Eddie,6
TR,M,1998,Francisco,6
TR,M,1998,Gavin,6
TR,M,1998,Jimmy,6
TR,M,1998,Joey,6
TR,M,1998,Josiah,6
TR,M,1998,Juan,6
TR,M,1998,Kenny,6
TR,M,1998,Keshawn,6
TR,M,1998,Mason,6
TR,M,1998,Patrick,6
TR,M,1998,Ricardo,6
TR,M,1998,Ronald,6
TR,M,1998,Sam,6
TR,M,1998,Tommy,6
TR,M,1998,Trevor,6
TR,M,1998,Victor,6
TR,M,1998,Alex,5
TR,M,1998,Angel,5
TR,M,1998,Cameron,5
TR,M,1998,Carlo,5
TR,M,1998,Charles,5
TR,M,1998,Donovan,5
TR,M,1998,Gregory,5
TR,M,1998,Hunter,5
TR,M,1998,Isaac,5
TR,M,1998,Jared,5
TR,M,1998,Kai,5
TR,M,1998,Kareem,5
TR,M,1998,Keith,5
TR,M,1998,Kobe,5
TR,M,1998,Leon,5
TR,M,1998,Leonard,5
TR,M,1998,Luis,5
TR,M,1998,Manuel,5
TR,M,1998,Marvin,5
TR,M,1998,Tariq,5
TR,M,1998,Terrell,5
TR,M,1998,Travis,5
TR,M,1998,Tristan,5
TR,M,1998,Wesley,5
TR,M,1999,Michael,41
TR,M,1999,Christian,38
TR,M,1999,Joseph,30
TR,M,1999,Joshua,30
TR,M,1999,Christopher,29
TR,M,1999,David,29
TR,M,1999,Brandon,27
TR,M,1999,Austin,23
TR,M,1999,Kyle,23
TR,M,1999,John,22
TR,M,1999,Ryan,22
TR,M,1999,Andrew,21
TR,M,1999,Daniel,21
TR,M,1999,Jonathan,20
TR,M,1999,Justin,18
TR,M,1999,Isaiah,17
TR,M,1999,Matthew,17
TR,M,1999,Nathaniel,16
TR,M,1999,William,16
TR,M,1999,Nathan,15
TR,M,1999,Noah,15
TR,M,1999,Anthony,14
TR,M,1999,Dylan,13
TR,M,1999,James,13
TR,M,1999,Jason,13
TR,M,1999,Robert,13
TR,M,1999,Vincent,13
TR,M,1999,Alexander,12
TR,M,1999,Elijah,12
TR,M,1999,Ethan,12
TR,M,1999,Gabriel,12
TR,M,1999,Jose,12
TR,M,1999,Nicholas,12
TR,M,1999,Tyler,12
TR,M,1999,Aaron,11
TR,M,1999,Antonio,11
TR,M,1999,Eric,11
TR,M,1999,George,11
TR,M,1999,Jacob,11
TR,M,1999,Jared,11
TR,M,1999,Jeremy,11
TR,M,1999,Jesse,11
TR,M,1999,Adrian,10
TR,M,1999,Angel,10
TR,M,1999,Bryan,10
TR,M,1999,Charles,10
TR,M,1999,Jeremiah,10
TR,M,1999,Sean,10
TR,M,1999,Timothy,10
TR,M,1999,Cody,9
TR,M,1999,Gavin,9
TR,M,1999,Johnny,9
TR,M,1999,Jordan,9
TR,M,1999,Zachary,9
TR,M,1999,Brian,8
TR,M,1999,Donovan,8
TR,M,1999,Junior,8
TR,M,1999,Kevin,8
TR,M,1999,Marvin,8
TR,M,1999,Patrick,8
TR,M,1999,Raymond,8
TR,M,1999,Richard,8
TR,M,1999,Samuel,8
TR,M,1999,Tristan,8
TR,M,1999,Damian,7
TR,M,1999,Devin,7
TR,M,1999,Francisco,7
TR,M,1999,Javier,7
TR,M,1999,Jerome,7
TR,M,1999,Kenneth,7
TR,M,1999,Peter,7
TR,M,1999,Shane,7
TR,M,1999,Travis,7
TR,M,1999,Benjamin,6
TR,M,1999,Calvin,6
TR,M,1999,Derek,6
TR,M,1999,Derrick,6
TR,M,1999,Dominic,6
TR,M,1999,Edward,6
TR,M,1999,Eugene,6
TR,M,1999,Franklin,6
TR,M,1999,Henry,6
TR,M,1999,Ian,6
TR,M,1999,Josiah,6
TR,M,1999,Juan,6
TR,M,1999,Kai,6
TR,M,1999,Kaleb,6
TR,M,1999,Leon,6
TR,M,1999,Miguel,6
TR,M,1999,Nicolas,6
TR,M,1999,Shawn,6
TR,M,1999,Alan,5
TR,M,1999,Alfred,5
TR,M,1999,Andy,5
TR,M,1999,Darren,5
TR,M,1999,Deandre,5
TR,M,1999,Eddie,5
TR,M,1999,Gerald,5
TR,M,1999,Gino,5
TR,M,1999,Isaac,5
TR,M,1999,Iverson,5
TR,M,1999,Joaquin,5
TR,M,1999,Joel,5
TR,M,1999,Joey,5
TR,M,1999,Jr,5
TR,M,1999,Keoni,5
TR,M,1999,Kobe,5
TR,M,1999,Manuel,5
TR,M,1999,Mark,5
TR,M,1999,Paul,5
TR,M,1999,Randy,5
TR,M,1999,Rico,5
TR,M,1999,Tavita,5
TR,M,2000,John,30
TR,M,2000,Michael,30
TR,M,2000,Joshua,29
TR,M,2000,Christopher,26
TR,M,2000,Christian,25
TR,M,2000,Daniel,24
TR,M,2000,Brandon,23
TR,M,2000,Joseph,23
TR,M,2000,David,22
TR,M,2000,Justin,22
TR,M,2000,Anthony,21
TR,M,2000,Matthew,20
TR,M,2000,William,20
TR,M,2000,Isaiah,19
TR,M,2000,James,19
TR,M,2000,Kyle,18
TR,M,2000,Peter,18
TR,M,2000,Ethan,17
TR,M,2000,Jason,17
TR,M,2000,Patrick,17
TR,M,2000,Austin,16
TR,M,2000,Kevin,16
TR,M,2000,Brian,15
TR,M,2000,Jonathan,15
TR,M,2000,Andrew,14
TR,M,2000,Mark,14
TR,M,2000,Elijah,13
TR,M,2000,Jeremiah,13
TR,M,2000,Raymond,13
TR,M,2000,Jacob,12
TR,M,2000,Robert,12
TR,M,2000,Ryan,12
TR,M,2000,Aaron,11
TR,M,2000,Devin,11
TR,M,2000,Dylan,11
TR,M,2000,Joel,11
TR,M,2000,Junior,11
TR,M,2000,Richard,11
TR,M,2000,Timothy,11
TR,M,2000,Vincent,11
TR,M,2000,Benjamin,10
TR,M,2000,Jeffrey,10
TR,M,2000,Jeremy,10
TR,M,2000,Jerome,10
TR,M,2000,Jose,10
TR,M,2000,Nathan,10
TR,M,2000,Noah,10
TR,M,2000,Paul,10
TR,M,2000,Samuel,10
TR,M,2000,Tyler,10
TR,M,2000,Alexander,9
TR,M,2000,Donovan,9
TR,M,2000,Francisco,9
TR,M,2000,Nicholas,9
TR,M,2000,Steven,9
TR,M,2000,Trevor,9
TR,M,2000,Albert,8
TR,M,2000,Angel,8
TR,M,2000,Jonah,8
TR,M,2000,Sean,8
TR,M,2000,Thomas,8
TR,M,2000,Calvin,7
TR,M,2000,Dante,7
TR,M,2000,Darren,7
TR,M,2000,Gabriel,7
TR,M,2000,Jared,7
TR,M,2000,Jesse,7
TR,M,2000,Jordan,7
TR,M,2000,Mathew,7
TR,M,2000,Nathaniel,7
TR,M,2000,Travis,7
TR,M,2000,Alex,6
TR,M,2000,Allen,6
TR,M,2000,Angelo,6
TR,M,2000,Dominic,6
TR,M,2000,Emmanuel,6
TR,M,2000,Gavin,6
TR,M,2000,Ian,6
TR,M,2000,Ivan,6
TR,M,2000,Jack,6
TR,M,2000,Jesus,6
TR,M,2000,Kenneth,6
TR,M,2000,Kobe,6
TR,M,2000,Micah,6
TR,M,2000,Miguel,6
TR,M,2000,Nicolas,6
TR,M,2000,Omar,6
TR,M,2000,Shawn,6
TR,M,2000,Stephen,6
TR,M,2000,Tommy,6
TR,M,2000,Ajani,5
TR,M,2000,Alan,5
TR,M,2000,Andy,5
TR,M,2000,Antonio,5
TR,M,2000,Charles,5
TR,M,2000,Clayton,5
TR,M,2000,Dandre,5
TR,M,2000,Danny,5
TR,M,2000,Edwin,5
TR,M,2000,Giovanni,5
TR,M,2000,Henry,5
TR,M,2000,Isaac,5
TR,M,2000,Jerry,5
TR,M,2000,Joey,5
TR,M,2000,Luis,5
TR,M,2000,Mason,5
TR,M,2000,Moses,5
TR,M,2000,Randy,5
TR,M,2000,Tj,5
TR,M,2000,Tristan,5
TR,M,2000,Victor,5
TR,M,2000,Wayne,5
TR,M,2000,Zion,5
TR,M,2001,Joshua,39
TR,M,2001,Joseph,33
TR,M,2001,Daniel,28
TR,M,2001,Christian,27
TR,M,2001,Michael,27
TR,M,2001,John,25
TR,M,2001,Christopher,24
TR,M,2001,Anthony,23
TR,M,2001,Justin,22
TR,M,2001,Brandon,21
TR,M,2001,Ethan,19
TR,M,2001,Jason,18
TR,M,2001,Kevin,18
TR,M,2001,Kyle,17
TR,M,2001,David,16
TR,M,2001,Noah,16
TR,M,2001,Gabriel,15
TR,M,2001,James,15
TR,M,2001,Nathan,15
TR,M,2001,Aaron,14
TR,M,2001,Andrew,14
TR,M,2001,Dylan,14
TR,M,2001,Jacob,14
TR,M,2001,Robert,14
TR,M,2001,Tyler,14
TR,M,2001,Austin,13
TR,M,2001,Elijah,13
TR,M,2001,Matthew,13
TR,M,2001,Isaiah,12
TR,M,2001,Ryan,12
TR,M,2001,Caleb,11
TR,M,2001,Nathaniel,11
TR,M,2001,Patrick,11
TR,M,2001,William,11
TR,M,2001,Zachary,11
TR,M,2001,Jeremiah,10
TR,M,2001,Nicholas,10
TR,M,2001,Raymond,10
TR,M,2001,Sean,10
TR,M,2001,Antonio,9
TR,M,2001,Brian,9
TR,M,2001,Jose,9
TR,M,2001,Kenneth,9
TR,M,2001,Malachi,9
TR,M,2001,Marvin,9
TR,M,2001,Vincent,9
TR,M,2001,Xavier,9
TR,M,2001,Aj,8
TR,M,2001,Alex,8
TR,M,2001,Edward,8
TR,M,2001,Jaden,8
TR,M,2001,Jesse,8
TR,M,2001,Richard,8
TR,M,2001,Samuel,8
TR,M,2001,Shawn,8
TR,M,2001,Timothy,8
TR,M,2001,Alexander,7
TR,M,2001,Alvin,7
TR,M,2001,Benjamin,7
TR,M,2001,Jerome,7
TR,M,2001,Johnny,7
TR,M,2001,Jonathan,7
TR,M,2001,Luis,7
TR,M,2001,Shane,7
TR,M,2001,Thomas,7
TR,M,2001,Adrian,6
TR,M,2001,Albert,6
TR,M,2001,Angel,6
TR,M,2001,Angelo,6
TR,M,2001,Emmanuel,6
TR,M,2001,George,6
TR,M,2001,Isaac,6
TR,M,2001,Jake,6
TR,M,2001,Jeremy,6
TR,M,2001,Jordan,6
TR,M,2001,Junior,6
TR,M,2001,Kobe,6
TR,M,2001,Lance,6
TR,M,2001,Mark,6
TR,M,2001,Zion,6
TR,M,2001,Alfred,5
TR,M,2001,Ben,5
TR,M,2001,Devin,5
TR,M,2001,Ezekiel,5
TR,M,2001,Francisco,5
TR,M,2001,Ian,5
TR,M,2001,Jamal,5
TR,M,2001,Jared,5
TR,M,2001,Javier,5
TR,M,2001,Jay,5
TR,M,2001,Jerry,5
TR,M,2001,Juan,5
TR,M,2001,Julian,5
TR,M,2001,Malik,5
TR,M,2001,Mason,5
TR,M,2001,Mathew,5
TR,M,2001,Melvin,5
TR,M,2001,Nicolas,5
TR,M,2001,Philip,5
TR,M,2001,Ricky,5
TR,M,2001,Steven,5
TR,M,2001,Tony,5
TR,M,2002,Joshua,35
TR,M,2002,Michael,32
TR,M,2002,Joseph,22
TR,M,2002,David,20
TR,M,2002,Jeremiah,20
TR,M,2002,Anthony,19
TR,M,2002,Christian,19
TR,M,2002,James,19
TR,M,2002,Brandon,18
TR,M,2002,John,18
TR,M,2002,Christopher,17
TR,M,2002,Jordan,16
TR,M,2002,Ethan,15
TR,M,2002,Isaiah,15
TR,M,2002,Daniel,14
TR,M,2002,Elijah,14
TR,M,2002,Jonathan,14
TR,M,2002,Matthew,14
TR,M,2002,Ryan,14
TR,M,2002,Jason,13
TR,M,2002,Joel,13
TR,M,2002,Kyle,13
TR,M,2002,William,13
TR,M,2002,Aaron,12
TR,M,2002,Jesse,12
TR,M,2002,Jose,12
TR,M,2002,Nathan,12
TR,M,2002,Alex,11
TR,M,2002,Dylan,11
TR,M,2002,Gabriel,11
TR,M,2002,Gavin,11
TR,M,2002,Jacob,11
TR,M,2002,Tyler,11
TR,M,2002,Alexander,10
TR,M,2002,Andrew,10
TR,M,2002,Caleb,10
TR,M,2002,Jeffrey,10
TR,M,2002,Junior,10
TR,M,2002,Justin,10
TR,M,2002,Kevin,10
TR,M,2002,Nathaniel,10
TR,M,2002,Noah,10
TR,M,2002,Robert,10
TR,M,2002,Samuel,10
TR,M,2002,Angelo,9
TR,M,2002,Austin,9
TR,M,2002,Jared,9
TR,M,2002,Kobe,9
TR,M,2002,Paul,9
TR,M,2002,Peter,9
TR,M,2002,Tony,9
TR,M,2002,Albert,8
TR,M,2002,Devin,8
TR,M,2002,Isaac,8
TR,M,2002,Josiah,8
TR,M,2002,Kenneth,8
TR,M,2002,Nicholas,8
TR,M,2002,Thomas,8
TR,M,2002,Vincent,8
TR,M,2002,Andre,7
TR,M,2002,Antonio,7
TR,M,2002,Edward,7
TR,M,2002,Eric,7
TR,M,2002,Sean,7
TR,M,2002,Charles,6
TR,M,2002,Colin,6
TR,M,2002,Francis,6
TR,M,2002,Joaquin,6
TR,M,2002,Logan,6
TR,M,2002,Luis,6
TR,M,2002,Mark,6
TR,M,2002,Mikaele,6
TR,M,2002,Richard,6
TR,M,2002,Timothy,6
TR,M,2002,Aidan,5
TR,M,2002,Alfred,5
TR,M,2002,Allen,5
TR,M,2002,Darius,5
TR,M,2002,Emmanuel,5
TR,M,2002,Evan,5
TR,M,2002,George,5
TR,M,2002,Henry,5
TR,M,2002,Ian,5
TR,M,2002,Jerome,5
TR,M,2002,Juan,5
TR,M,2002,Jude,5
TR,M,2002,Luke,5
TR,M,2002,Martin,5
TR,M,2002,Miguel,5
TR,M,2002,Patrick,5
TR,M,2002,Sam,5
TR,M,2002,Seth,5
TR,M,2002,Shawn,5
TR,M,2002,Skyler,5
TR,M,2002,Sonny,5
TR,M,2002,Steven,5
TR,M,2002,Xavier,5
TR,M,2002,Zachary,5
TR,M,2003,Joseph,28
TR,M,2003,Anthony,26
TR,M,2003,David,23
TR,M,2003,Elijah,23
TR,M,2003,Michael,23
TR,M,2003,Daniel,20
TR,M,2003,John,20
TR,M,2003,Christopher,18
TR,M,2003,Ethan,17
TR,M,2003,Jacob,17
TR,M,2003,Joshua,17
TR,M,2003,James,16
TR,M,2003,Gabriel,15
TR,M,2003,Isaiah,15
TR,M,2003,Andrew,14
TR,M,2003,Jose,14
TR,M,2003,Kyle,14
TR,M,2003,Matthew,14
TR,M,2003,Sean,13
TR,M,2003,Alexander,12
TR,M,2003,Christian,12
TR,M,2003,Jaden,12
TR,M,2003,Jonathan,12
TR,M,2003,Kevin,12
TR,M,2003,Nathan,12
TR,M,2003,Nathaniel,12
TR,M,2003,Tyler,12
TR,M,2003,Dylan,11
TR,M,2003,Justin,11
TR,M,2003,Noah,11
TR,M,2003,Peter,11
TR,M,2003,Richard,11
TR,M,2003,Thomas,11
TR,M,2003,William,11
TR,M,2003,Brandon,10
TR,M,2003,Brian,10
TR,M,2003,Jason,10
TR,M,2003,Jeremiah,10
TR,M,2003,Junior,10
TR,M,2003,Steven,10
TR,M,2003,Benjamin,9
TR,M,2003,Jordan,9
TR,M,2003,Mark,9
TR,M,2003,Patrick,9
TR,M,2003,Ryan,9
TR,M,2003,Aaron,8
TR,M,2003,Angel,8
TR,M,2003,Austin,8
TR,M,2003,Francisco,8
TR,M,2003,Ivan,8
TR,M,2003,Paul,8
TR,M,2003,Robert,8
TR,M,2003,Xavier,8
TR,M,2003,Bryan,7
TR,M,2003,Caleb,7
TR,M,2003,Dominic,7
TR,M,2003,Gregory,7
TR,M,2003,Johnny,7
TR,M,2003,Juan,7
TR,M,2003,Samuel,7
TR,M,2003,Vincent,7
TR,M,2003,Aiden,6
TR,M,2003,Eric,6
TR,M,2003,Jared,6
TR,M,2003,Jeffrey,6
TR,M,2003,Jeremy,6
TR,M,2003,Jesse,6
TR,M,2003,Joel,6
TR,M,2003,Josiah,6
TR,M,2003,Kai,6
TR,M,2003,Luis,6
TR,M,2003,Luke,6
TR,M,2003,Marcus,6
TR,M,2003,Miguel,6
TR,M,2003,Mj,6
TR,M,2003,Shane,6
TR,M,2003,Shawn,6
TR,M,2003,Victor,6
TR,M,2003,Alex,5
TR,M,2003,Ayden,5
TR,M,2003,Charles,5
TR,M,2003,Danny,5
TR,M,2003,Dante,5
TR,M,2003,Drake,5
TR,M,2003,Edward,5
TR,M,2003,Ezekiel,5
TR,M,2003,George,5
TR,M,2003,Keanu,5
TR,M,2003,Kjani,5
TR,M,2003,Lawrence,5
TR,M,2003,Nicholas,5
TR,M,2003,Nicolas,5
TR,M,2003,Siaosi,5
TR,M,2003,Taylor,5
TR,M,2003,Timothy,5
TR,M,2004,Joshua,31
TR,M,2004,John,24
TR,M,2004,Michael,23
TR,M,2004,Ethan,22
TR,M,2004,Christopher,18
TR,M,2004,Joseph,17
TR,M,2004,William,17
TR,M,2004,Daniel,16
TR,M,2004,Jeremiah,16
TR,M,2004,Aaron,15
TR,M,2004,Andrew,15
TR,M,2004,David,15
TR,M,2004,Isaiah,15
TR,M,2004,Jacob,15
TR,M,2004,Justin,14
TR,M,2004,Matthew,14
TR,M,2004,Robert,14
TR,M,2004,Ryan,14
TR,M,2004,Brandon,13
TR,M,2004,Christian,13
TR,M,2004,James,13
TR,M,2004,Nathaniel,13
TR,M,2004,Brian,12
TR,M,2004,Elijah,12
TR,M,2004,Gabriel,12
TR,M,2004,Nathan,12
TR,M,2004,Sean,12
TR,M,2004,Kyle,11
TR,M,2004,Adrian,10
TR,M,2004,Aiden,10
TR,M,2004,Aj,10
TR,M,2004,Alexander,10
TR,M,2004,Anthony,10
TR,M,2004,Eric,10
TR,M,2004,Jason,10
TR,M,2004,Luis,10
TR,M,2004,Tyler,10
TR,M,2004,Jayden,9
TR,M,2004,Jesse,9
TR,M,2004,Josiah,9
TR,M,2004,Malachi,9
TR,M,2004,Charles,8
TR,M,2004,Kevin,8
TR,M,2004,Patrick,8
TR,M,2004,Samuel,8
TR,M,2004,Shane,8
TR,M,2004,Timothy,8
TR,M,2004,Vincent,8
TR,M,2004,Wayne,8
TR,M,2004,Albert,7
TR,M,2004,Austin,7
TR,M,2004,Benjamin,7
TR,M,2004,Cameron,7
TR,M,2004,Dante,7
TR,M,2004,Gavin,7
TR,M,2004,Jordan,7
TR,M,2004,Logan,7
TR,M,2004,Peter,7
TR,M,2004,Tristan,7
TR,M,2004,Antonio,6
TR,M,2004,Bryan,6
TR,M,2004,Carlos,6
TR,M,2004,Danny,6
TR,M,2004,Devin,6
TR,M,2004,Dylan,6
TR,M,2004,Henry,6
TR,M,2004,Jared,6
TR,M,2004,Johnny,6
TR,M,2004,Jonathan,6
TR,M,2004,Jose,6
TR,M,2004,Mark,6
TR,M,2004,Noah,6
TR,M,2004,Thomas,6
TR,M,2004,Victor,6
TR,M,2004,Ajani,5
TR,M,2004,Alvin,5
TR,M,2004,Darius,5
TR,M,2004,Dominic,5
TR,M,2004,Edward,5
TR,M,2004,George,5
TR,M,2004,Isaac,5
TR,M,2004,Ivan,5
TR,M,2004,Javier,5
TR,M,2004,Jeffrey,5
TR,M,2004,Jerry,5
TR,M,2004,Junior,5
TR,M,2004,Kai,5
TR,M,2004,Kelvin,5
TR,M,2004,Luke,5
TR,M,2004,Marvin,5
TR,M,2004,Mason,5
TR,M,2004,Miguel,5
TR,M,2004,Richard,5
TR,M,2004,Steven,5
TR,M,2004,Tyrone,5
TR,M,2004,Xander,5
TR,M,2005,Joseph,29
TR,M,2005,Michael,29
TR,M,2005,Joshua,26
TR,M,2005,Christopher,23
TR,M,2005,David,19
TR,M,2005,Christian,18
TR,M,2005,Alexander,17
TR,M,2005,Jeremiah,17
TR,M,2005,Daniel,16
TR,M,2005,Elijah,16
TR,M,2005,Gabriel,16
TR,M,2005,Dylan,15
TR,M,2005,Jayden,15
TR,M,2005,John,15
TR,M,2005,Peter,15
TR,M,2005,Brandon,14
TR,M,2005,Isaiah,14
TR,M,2005,Andrew,13
TR,M,2005,Anthony,13
TR,M,2005,Jason,13
TR,M,2005,Kevin,13
TR,M,2005,Ethan,12
TR,M,2005,Isaac,12
TR,M,2005,Kyle,12
TR,M,2005,Mark,12
TR,M,2005,Malachi,11
TR,M,2005,Angel,10
TR,M,2005,Evan,10
TR,M,2005,Justin,10
TR,M,2005,Matthew,10
TR,M,2005,Noah,10
TR,M,2005,Vincent,10
TR,M,2005,Aidan,9
TR,M,2005,Jacob,9
TR,M,2005,Jordan,9
TR,M,2005,Josiah,9
TR,M,2005,Nathaniel,9
TR,M,2005,Patrick,9
TR,M,2005,Ryan,9
TR,M,2005,Timothy,9
TR,M,2005,William,9
TR,M,2005,Aaron,8
TR,M,2005,Brian,8
TR,M,2005,Eric,8
TR,M,2005,Jonathan,8
TR,M,2005,Robert,8
TR,M,2005,Tyler,8
TR,M,2005,Aj,7
TR,M,2005,Alex,7
TR,M,2005,Caleb,7
TR,M,2005,Devin,7
TR,M,2005,Gavin,7
TR,M,2005,Jimmy,7
TR,M,2005,Johnny,7
TR,M,2005,Luke,7
TR,M,2005,Miguel,7
TR,M,2005,Nathan,7
TR,M,2005,Nicholas,7
TR,M,2005,Samuel,7
TR,M,2005,Antonio,6
TR,M,2005,Benjamin,6
TR,M,2005,Bryan,6
TR,M,2005,Chris,6
TR,M,2005,Colin,6
TR,M,2005,Edward,6
TR,M,2005,Frank,6
TR,M,2005,Henry,6
TR,M,2005,James,6
TR,M,2005,Jeremy,6
TR,M,2005,Jesse,6
TR,M,2005,Jose,6
TR,M,2005,Marcus,6
TR,M,2005,Mason,6
TR,M,2005,Nicolas,6
TR,M,2005,Nolan,6
TR,M,2005,Steven,6
TR,M,2005,Thomas,6
TR,M,2005,Travis,6
TR,M,2005,Adrian,5
TR,M,2005,Aiden,5
TR,M,2005,Andy,5
TR,M,2005,Arthur,5
TR,M,2005,Ashton,5
TR,M,2005,Austin,5
TR,M,2005,Cameron,5
TR,M,2005,Charles,5
TR,M,2005,Felix,5
TR,M,2005,Francis,5
TR,M,2005,Francisco,5
TR,M,2005,George,5
TR,M,2005,Izaiah,5
TR,M,2005,Javier,5
TR,M,2005,Jerome,5
TR,M,2005,Junior,5
TR,M,2005,Luis,5
TR,M,2005,Martin,5
TR,M,2005,Micah,5
TR,M,2005,Paul,5
TR,M,2005,Richard,5
TR,M,2005,Shane,5
TR,M,2005,Shawn,5
TR,M,2005,Tony,5
TR,M,2005,Tristan,5
TR,M,2006,Joshua,31
TR,M,2006,John,24
TR,M,2006,Michael,23
TR,M,2006,Daniel,22
TR,M,2006,David,22
TR,M,2006,Elijah,21
TR,M,2006,Isaiah,20
TR,M,2006,Jeremiah,20
TR,M,2006,Christopher,19
TR,M,2006,Jayden,19
TR,M,2006,Ryan,18
TR,M,2006,Alexander,17
TR,M,2006,Gabriel,17
TR,M,2006,Christian,16
TR,M,2006,Joseph,16
TR,M,2006,Andrew,15
TR,M,2006,Anthony,15
TR,M,2006,Jacob,15
TR,M,2006,Jonathan,15
TR,M,2006,Kevin,15
TR,M,2006,Samuel,14
TR,M,2006,Aiden,13
TR,M,2006,Alex,13
TR,M,2006,Ethan,13
TR,M,2006,James,13
TR,M,2006,Nathan,13
TR,M,2006,Aaron,12
TR,M,2006,Kyle,12
TR,M,2006,William,12
TR,M,2006,Dylan,11
TR,M,2006,Jose,11
TR,M,2006,Tyler,11
TR,M,2006,Edward,10
TR,M,2006,Jaden,10
TR,M,2006,Jesse,10
TR,M,2006,Noah,10
TR,M,2006,Peter,10
TR,M,2006,Brandon,9
TR,M,2006,Ezekiel,9
TR,M,2006,Malachi,9
TR,M,2006,Paul,9
TR,M,2006,Tristan,9
TR,M,2006,Caleb,8
TR,M,2006,Cody,8
TR,M,2006,Eric,8
TR,M,2006,Henry,8
TR,M,2006,Isaac,8
TR,M,2006,Jeremy,8
TR,M,2006,Joel,8
TR,M,2006,Junior,8
TR,M,2006,Mark,8
TR,M,2006,Matthew,8
TR,M,2006,Nathaniel,8
TR,M,2006,Richard,8
TR,M,2006,Robert,8
TR,M,2006,Sean,8
TR,M,2006,Thomas,8
TR,M,2006,Xavier,8
TR,M,2006,Angel,7
TR,M,2006,Francis,7
TR,M,2006,Jason,7
TR,M,2006,Jerry,7
TR,M,2006,Jordan,7
TR,M,2006,Josiah,7
TR,M,2006,Justin,7
TR,M,2006,Keoni,7
TR,M,2006,Landon,7
TR,M,2006,Luis,7
TR,M,2006,Steven,7
TR,M,2006,Adrian,6
TR,M,2006,Andy,6
TR,M,2006,Charles,6
TR,M,2006,Chris,6
TR,M,2006,Evan,6
TR,M,2006,Gavin,6
TR,M,2006,Ian,6
TR,M,2006,Jack,6
TR,M,2006,Jared,6
TR,M,2006,Kenneth,6
TR,M,2006,Miracle,6
TR,M,2006,Patrick,6
TR,M,2006,Raymond,6
TR,M,2006,Sebastian,6
TR,M,2006,Shawn,6
TR,M,2006,Xander,6
TR,M,2006,Aidan,5
TR,M,2006,Angelo,5
TR,M,2006,Benjamin,5
TR,M,2006,Dandre,5
TR,M,2006,Devin,5
TR,M,2006,Frank,5
TR,M,2006,Javier,5
TR,M,2006,Johnpaul,5
TR,M,2006,Julian,5
TR,M,2006,Lawrence,5
TR,M,2006,Logan,5
TR,M,2006,Malik,5
TR,M,2006,Miguel,5
TR,M,2006,Nicholas,5
TR,M,2006,Sam,5
TR,M,2006,Shane,5
TR,M,2006,Trevor,5
TR,M,2006,Troy,5
TR,M,2007,Ethan,26
TR,M,2007,Noah,26
TR,M,2007,Joshua,25
TR,M,2007,David,23
TR,M,2007,Daniel,21
TR,M,2007,Christian,20
TR,M,2007,Elijah,19
TR,M,2007,Jayden,19
TR,M,2007,Joseph,19
TR,M,2007,Andrew,17
TR,M,2007,Isaiah,17
TR,M,2007,Kyle,17
TR,M,2007,Nathan,17
TR,M,2007,Gabriel,16
TR,M,2007,John,16
TR,M,2007,James,15
TR,M,2007,Aiden,14
TR,M,2007,Caleb,14
TR,M,2007,Jaden,14
TR,M,2007,Jordan,14
TR,M,2007,Kevin,14
TR,M,2007,Tyler,14
TR,M,2007,Alexander,13
TR,M,2007,Anthony,13
TR,M,2007,Ian,13
TR,M,2007,Jared,13
TR,M,2007,Michael,13
TR,M,2007,Peter,13
TR,M,2007,Dylan,12
TR,M,2007,Gavin,12
TR,M,2007,Mark,12
TR,M,2007,Samuel,12
TR,M,2007,Jacob,11
TR,M,2007,Jason,11
TR,M,2007,William,11
TR,M,2007,Adrian,10
TR,M,2007,Jeremiah,10
TR,M,2007,Jonathan,10
TR,M,2007,Nathaniel,10
TR,M,2007,Tristan,10
TR,M,2007,Justin,9
TR,M,2007,Kaleb,9
TR,M,2007,Zachary,9
TR,M,2007,Angelo,8
TR,M,2007,Josiah,8
TR,M,2007,Robert,8
TR,M,2007,Ryan,8
TR,M,2007,Sean,8
TR,M,2007,Shane,8
TR,M,2007,Aaron,7
TR,M,2007,Angel,7
TR,M,2007,Brandon,7
TR,M,2007,Charles,7
TR,M,2007,Damien,7
TR,M,2007,Jerry,7
TR,M,2007,Joel,7
TR,M,2007,Kenneth,7
TR,M,2007,Logan,7
TR,M,2007,Matthew,7
TR,M,2007,Micah,7
TR,M,2007,Paul,7
TR,M,2007,Shawn,7
TR,M,2007,Alex,6
TR,M,2007,Andy,6
TR,M,2007,Antonio,6
TR,M,2007,Ayden,6
TR,M,2007,Benjamin,6
TR,M,2007,Christopher,6
TR,M,2007,Edward,6
TR,M,2007,Ezekiel,6
TR,M,2007,Henry,6
TR,M,2007,Jake,6
TR,M,2007,Juan,6
TR,M,2007,Leland,6
TR,M,2007,Luis,6
TR,M,2007,Mason,6
TR,M,2007,Nicholas,6
TR,M,2007,Skyler,6
TR,M,2007,Steven,6
TR,M,2007,Thomas,6
TR,M,2007,Vincent,6
TR,M,2007,Wayne,6
TR,M,2007,Allen,5
TR,M,2007,Alvin,5
TR,M,2007,Brian,5
TR,M,2007,Chris,5
TR,M,2007,Cody,5
TR,M,2007,Damian,5
TR,M,2007,Devin,5
TR,M,2007,Dominic,5
TR,M,2007,Emmanuel,5
TR,M,2007,Eric,5
TR,M,2007,Eugene,5
TR,M,2007,Evan,5
TR,M,2007,Felix,5
TR,M,2007,Francis,5
TR,M,2007,Frank,5
TR,M,2007,Izaiah,5
TR,M,2007,Jay,5
TR,M,2007,Jeffrey,5
TR,M,2007,Jeremy,5
TR,M,2007,Jerome,5
TR,M,2007,Jesse,5
TR,M,2007,Joe,5
TR,M,2007,Jose,5
TR,M,2007,Kaden,5
TR,M,2007,Leo,5
TR,M,2007,Miguel,5
TR,M,2007,Richard,5
TR,M,2007,Sione,5
TR,M,2007,Timothy,5
TR,M,2008,David,29
TR,M,2008,Ethan,27
TR,M,2008,John,27
TR,M,2008,Michael,25
TR,M,2008,Daniel,23
TR,M,2008,James,21
TR,M,2008,Gabriel,20
TR,M,2008,Anthony,19
TR,M,2008,Elijah,19
TR,M,2008,Joseph,19
TR,M,2008,Joshua,19
TR,M,2008,Alex,18
TR,M,2008,Alexander,17
TR,M,2008,Jayden,17
TR,M,2008,Aiden,16
TR,M,2008,Jacob,16
TR,M,2008,Josiah,16
TR,M,2008,Andrew,15
TR,M,2008,Noah,15
TR,M,2008,Christian,14
TR,M,2008,Gavin,14
TR,M,2008,Isaiah,14
TR,M,2008,Justin,14
TR,M,2008,Tristan,14
TR,M,2008,Tyler,14
TR,M,2008,Christopher,13
TR,M,2008,Edward,13
TR,M,2008,Jonathan,13
TR,M,2008,Ryan,13
TR,M,2008,William,13
TR,M,2008,Adrian,12
TR,M,2008,Jeremiah,12
TR,M,2008,Kevin,12
TR,M,2008,Kyle,12
TR,M,2008,Samuel,12
TR,M,2008,Ezekiel,11
TR,M,2008,Jaden,11
TR,M,2008,Matthew,11
TR,M,2008,Richard,11
TR,M,2008,Sean,11
TR,M,2008,Steven,11
TR,M,2008,Carlos,10
TR,M,2008,Jordan,10
TR,M,2008,Nathan,10
TR,M,2008,Shane,10
TR,M,2008,Angel,9
TR,M,2008,Ayden,9
TR,M,2008,Benjamin,9
TR,M,2008,Brandon,9
TR,M,2008,Malachi,9
TR,M,2008,Aaron,8
TR,M,2008,Andre,8
TR,M,2008,Brian,8
TR,M,2008,Caleb,8
TR,M,2008,Eric,8
TR,M,2008,Junior,8
TR,M,2008,Kaiden,8
TR,M,2008,Logan,8
TR,M,2008,Charles,7
TR,M,2008,Francis,7
TR,M,2008,Jaiden,7
TR,M,2008,Landon,7
TR,M,2008,Luis,7
TR,M,2008,Nathaniel,7
TR,M,2008,Patrick,7
TR,M,2008,Peter,7
TR,M,2008,Zion,7
TR,M,2008,Aidan,6
TR,M,2008,Alfred,6
TR,M,2008,Collin,6
TR,M,2008,Dominic,6
TR,M,2008,Dylan,6
TR,M,2008,Emmanuel,6
TR,M,2008,Ian,6
TR,M,2008,Isaac,6
TR,M,2008,Jake,6
TR,M,2008,Jason,6
TR,M,2008,Jonah,6
TR,M,2008,Jude,6
TR,M,2008,Kaleb,6
TR,M,2008,Lance,6
TR,M,2008,Lucas,6
TR,M,2008,Mark,6
TR,M,2008,Paul,6
TR,M,2008,Robert,6
TR,M,2008,Shawn,6
TR,M,2008,Albert,5
TR,M,2008,Antonio,5
TR,M,2008,Colin,5
TR,M,2008,Deandre,5
TR,M,2008,Devin,5
TR,M,2008,Evan,5
TR,M,2008,Henry,5
TR,M,2008,Jayvin,5
TR,M,2008,Jesse,5
TR,M,2008,Jose,5
TR,M,2008,Kayden,5
TR,M,2008,Kymani,5
TR,M,2008,Leo,5
TR,M,2008,Mason,5
TR,M,2008,Micah,5
TR,M,2008,Preston,5
TR,M,2008,Riley,5
TR,M,2008,Skyler,5
TR,M,2008,Thomas,5
TR,M,2008,Vincent,5
TR,M,2009,Daniel,28
TR,M,2009,David,28
TR,M,2009,Joseph,25
TR,M,2009,Jayden,24
TR,M,2009,Aiden,23
TR,M,2009,Elijah,22
TR,M,2009,Joshua,21
TR,M,2009,John,20
TR,M,2009,Noah,19
TR,M,2009,Ethan,18
TR,M,2009,Alexander,17
TR,M,2009,Michael,17
TR,M,2009,Caleb,16
TR,M,2009,Josiah,16
TR,M,2009,Christopher,15
TR,M,2009,James,15
TR,M,2009,Ryan,14
TR,M,2009,Anthony,13
TR,M,2009,Jacob,13
TR,M,2009,Justin,13
TR,M,2009,Jeremiah,12
TR,M,2009,Matthew,12
TR,M,2009,Nathan,12
TR,M,2009,William,12
TR,M,2009,Dylan,11
TR,M,2009,Jason,11
TR,M,2009,Jordan,11
TR,M,2009,Tyler,11
TR,M,2009,Andrew,10
TR,M,2009,Jaden,10
TR,M,2009,Kevin,10
TR,M,2009,Logan,10
TR,M,2009,Lucas,10
TR,M,2009,Richard,10
TR,M,2009,Aaron,9
TR,M,2009,Angel,9
TR,M,2009,Angelo,9
TR,M,2009,Brandon,9
TR,M,2009,Edward,9
TR,M,2009,Gabriel,9
TR,M,2009,Isaiah,9
TR,M,2009,Jose,9
TR,M,2009,Kaleb,9
TR,M,2009,Malachi,9
TR,M,2009,Nathaniel,9
TR,M,2009,Samuel,9
TR,M,2009,Xavier,9
TR,M,2009,Benjamin,8
TR,M,2009,Ezekiel,8
TR,M,2009,Isaac,8
TR,M,2009,Jonathan,8
TR,M,2009,Kai,8
TR,M,2009,Liam,8
TR,M,2009,Thomas,8
TR,M,2009,Austin,7
TR,M,2009,Dominic,7
TR,M,2009,Eric,7
TR,M,2009,Gavin,7
TR,M,2009,Henry,7
TR,M,2009,Ian,7
TR,M,2009,Joel,7
TR,M,2009,Junior,7
TR,M,2009,Landon,7
TR,M,2009,Levi,7
TR,M,2009,Robert,7
TR,M,2009,Seth,7
TR,M,2009,Shane,7
TR,M,2009,Steven,7
TR,M,2009,Timothy,7
TR,M,2009,Troy,7
TR,M,2009,Alex,6
TR,M,2009,Jeremy,6
TR,M,2009,Kaiden,6
TR,M,2009,Kyle,6
TR,M,2009,Mason,6
TR,M,2009,Mike,6
TR,M,2009,Prince,6
TR,M,2009,Raymond,6
TR,M,2009,Zion,6
TR,M,2009,Adam,5
TR,M,2009,Adrian,5
TR,M,2009,Andre,5
TR,M,2009,Antonio,5
TR,M,2009,Ayden,5
TR,M,2009,Brian,5
TR,M,2009,Christian,5
TR,M,2009,Collin,5
TR,M,2009,Damian,5
TR,M,2009,Darren,5
TR,M,2009,Evan,5
TR,M,2009,Izaiah,5
TR,M,2009,Kaeden,5
TR,M,2009,Keanu,5
TR,M,2009,Kymani,5
TR,M,2009,Lance,5
TR,M,2009,Micah,5
TR,M,2009,Peter,5
TR,M,2009,Sam,5
TR,M,2009,Sean,5
TR,M,2009,Sebastian,5
TR,M,2009,Shawn,5
TR,M,2009,Tony,5
TR,M,2009,Vincent,5
TR,M,2009,Wilson,5
TR,M,2010,Elijah,26
TR,M,2010,Daniel,23
TR,M,2010,Ethan,23
TR,M,2010,Jacob,21
TR,M,2010,Jayden,21
TR,M,2010,Joshua,20
TR,M,2010,Joseph,19
TR,M,2010,David,18
TR,M,2010,John,18
TR,M,2010,Anthony,17
TR,M,2010,Justin,17
TR,M,2010,Andrew,15
TR,M,2010,Caleb,15
TR,M,2010,Michael,15
TR,M,2010,Aiden,14
TR,M,2010,Isaiah,14
TR,M,2010,Jonathan,14
TR,M,2010,Paul,14
TR,M,2010,Ryan,14
TR,M,2010,Jaden,13
TR,M,2010,Jeremiah,13
TR,M,2010,Matthew,13
TR,M,2010,Nathan,13
TR,M,2010,Richard,13
TR,M,2010,William,13
TR,M,2010,Alexander,11
TR,M,2010,Dylan,11
TR,M,2010,Edward,11
TR,M,2010,Jason,11
TR,M,2010,Logan,11
TR,M,2010,Benjamin,10
TR,M,2010,Christopher,10
TR,M,2010,Ezekiel,10
TR,M,2010,Gabriel,10
TR,M,2010,Jordan,10
TR,M,2010,Kevin,10
TR,M,2010,Gavin,9
TR,M,2010,Ian,9
TR,M,2010,Isaac,9
TR,M,2010,Noah,9
TR,M,2010,Aaron,8
TR,M,2010,Antonio,8
TR,M,2010,Chris,8
TR,M,2010,Christian,8
TR,M,2010,James,8
TR,M,2010,Tristan,8
TR,M,2010,Tyler,8
TR,M,2010,Eric,7
TR,M,2010,Jaylen,7
TR,M,2010,Josiah,7
TR,M,2010,Landon,7
TR,M,2010,Malachi,7
TR,M,2010,Mason,7
TR,M,2010,Robert,7
TR,M,2010,Zion,7
TR,M,2010,Adrian,6
TR,M,2010,Aidan,6
TR,M,2010,Brian,6
TR,M,2010,Cole,6
TR,M,2010,Devin,6
TR,M,2010,Eli,6
TR,M,2010,Liam,6
TR,M,2010,Micah,6
TR,M,2010,Patrick,6
TR,M,2010,Raymond,6
TR,M,2010,Steven,6
TR,M,2010,Thomas,6
TR,M,2010,Dwayne,5
TR,M,2010,Emanuel,5
TR,M,2010,Francisco,5
TR,M,2010,Jack,5
TR,M,2010,Jay,5
TR,M,2010,Jericho,5
TR,M,2010,Jude,5
TR,M,2010,Kyle,5
TR,M,2010,Luke,5
TR,M,2010,Nathaniel,5
TR,M,2010,Phillip,5
TR,M,2010,Skyler,5
TR,M,2010,Vincent,5
TR,M,2010,Wyatt,5
TR,M,2010,Xavier,5
TR,M,2011,Jayden,25
TR,M,2011,Joshua,21
TR,M,2011,Ethan,18
TR,M,2011,Isaiah,18
TR,M,2011,Alexander,15
TR,M,2011,Jeremiah,15
TR,M,2011,Elijah,14
TR,M,2011,James,14
TR,M,2011,John,14
TR,M,2011,Jacob,13
TR,M,2011,Michael,13
TR,M,2011,Daniel,12
TR,M,2011,Joseph,12
TR,M,2011,Aiden,11
TR,M,2011,Caleb,11
TR,M,2011,David,11
TR,M,2011,Gabriel,11
TR,M,2011,Justin,11
TR,M,2011,Matthew,11
TR,M,2011,Nathan,11
TR,M,2011,Noah,11
TR,M,2011,Dominic,10
TR,M,2011,Andrew,9
TR,M,2011,Jaden,9
TR,M,2011,Ryan,9
TR,M,2011,Aaron,8
TR,M,2011,Brandon,8
TR,M,2011,Christian,8
TR,M,2011,Samuel,8
TR,M,2011,William,8
TR,M,2011,Zayden,8
TR,M,2011,Adrian,7
TR,M,2011,Anthony,7
TR,M,2011,Antonio,7
TR,M,2011,Ayden,7
TR,M,2011,Bryce,7
TR,M,2011,Drake,7
TR,M,2011,Gavin,7
TR,M,2011,Kevin,7
TR,M,2011,Mason,7
TR,M,2011,Nicholas,7
TR,M,2011,Robert,7
TR,M,2011,Vincent,7
TR,M,2011,Zion,7
TR,M,2011,Adam,6
TR,M,2011,Benjamin,6
TR,M,2011,Damian,6
TR,M,2011,Dante,6
TR,M,2011,Emmanuel,6
TR,M,2011,Ezekiel,6
TR,M,2011,Jace,6
TR,M,2011,Jason,6
TR,M,2011,Jonathan,6
TR,M,2011,Nathaniel,6
TR,M,2011,Sean,6
TR,M,2011,Timothy,6
TR,M,2011,Tyler,6
TR,M,2011,Albert,5
TR,M,2011,Amani,5
TR,M,2011,Austin,5
TR,M,2011,Brian,5
TR,M,2011,Carlos,5
TR,M,2011,Cayden,5
TR,M,2011,Charles,5
TR,M,2011,Christopher,5
TR,M,2011,Connor,5
TR,M,2011,Edward,5
TR,M,2011,Evan,5
TR,M,2011,Jermaine,5
TR,M,2011,Johnny,5
TR,M,2011,Josiah,5
TR,M,2011,Kekoa,5
TR,M,2011,Kyle,5
TR,M,2011,Liam,5
TR,M,2011,Luke,5
TR,M,2011,Malachi,5
TR,M,2011,Micah,5
TR,M,2011,Orion,5
TR,M,2011,Peter,5
TR,M,2011,Richard,5
TR,M,2011,Skyler,5
TR,M,2011,Thomas,5
TR,M,2011,Xavier,5
TR,M,2012,Michael,26
TR,M,2012,Ethan,23
TR,M,2012,Daniel,21
TR,M,2012,Aiden,20
TR,M,2012,David,20
TR,M,2012,Elijah,20
TR,M,2012,Caleb,15
TR,M,2012,Jayden,15
TR,M,2012,Noah,15
TR,M,2012,Joseph,14
TR,M,2012,Kevin,14
TR,M,2012,Nathan,13
TR,M,2012,Anthony,12
TR,M,2012,Gabriel,12
TR,M,2012,Jeremiah,12
TR,M,2012,Joshua,12
TR,M,2012,Mason,12
TR,M,2012,Vincent,12
TR,M,2012,William,12
TR,M,2012,Christopher,11
TR,M,2012,Josiah,11
TR,M,2012,Samuel,11
TR,M,2012,Alex,10
TR,M,2012,Alexander,10
TR,M,2012,Jacob,10
TR,M,2012,Jason,10
TR,M,2012,Liam,10
TR,M,2012,Dominic,9
TR,M,2012,Isaiah,9
TR,M,2012,James,9
TR,M,2012,Landon,9
TR,M,2012,Aaron,8
TR,M,2012,Andrew,8
TR,M,2012,Christian,8
TR,M,2012,Dylan,8
TR,M,2012,Eric,8
TR,M,2012,Ezekiel,8
TR,M,2012,John,8
TR,M,2012,Jonathan,8
TR,M,2012,Logan,8
TR,M,2012,Nathaniel,8
TR,M,2012,Peter,8
TR,M,2012,Richard,8
TR,M,2012,Tristan,8
TR,M,2012,Adrian,7
TR,M,2012,Austin,7
TR,M,2012,Ayden,7
TR,M,2012,Benjamin,7
TR,M,2012,Damian,7
TR,M,2012,Edward,7
TR,M,2012,Isaac,7
TR,M,2012,Jaden,7
TR,M,2012,Junior,7
TR,M,2012,Justin,7
TR,M,2012,Kayden,7
TR,M,2012,Mark,7
TR,M,2012,Matthew,7
TR,M,2012,Robert,7
TR,M,2012,Xavier,7
TR,M,2012,Zion,7
TR,M,2012,Damien,6
TR,M,2012,Dante,6
TR,M,2012,Eli,6
TR,M,2012,Francisco,6
TR,M,2012,Ian,6
TR,M,2012,Joaquin,6
TR,M,2012,Jonah,6
TR,M,2012,Luke,6
TR,M,2012,Tyler,6
TR,M,2012,Xander,6
TR,M,2012,Adam,5
TR,M,2012,Calvin,5
TR,M,2012,Dandre,5
TR,M,2012,Dennis,5
TR,M,2012,Devonte,5
TR,M,2012,Evan,5
TR,M,2012,Henry,5
TR,M,2012,Jace,5
TR,M,2012,Javier,5
TR,M,2012,Jeffrey,5
TR,M,2012,Jeremy,5
TR,M,2012,Jesus,5
TR,M,2012,Jordan,5
TR,M,2012,Kaiden,5
TR,M,2012,Kaleb,5
TR,M,2012,Mj,5
TR,M,2012,Noel,5
TR,M,2012,Paul,5
TR,M,2012,Pj,5
TR,M,2012,Riley,5
TR,M,2012,Ronald,5
TR,M,2012,Ryan,5
TR,M,2013,Jeremiah,18
TR,M,2013,Christopher,17
TR,M,2013,David,16
TR,M,2013,Jayden,16
TR,M,2013,William,16
TR,M,2013,Ethan,15
TR,M,2013,Joshua,15
TR,M,2013,Aiden,14
TR,M,2013,Christian,13
TR,M,2013,Daniel,13
TR,M,2013,Ezekiel,13
TR,M,2013,James,13
TR,M,2013,Jonathan,13
TR,M,2013,Elijah,12
TR,M,2013,Jacob,12
TR,M,2013,Liam,12
TR,M,2013,Ryan,12
TR,M,2013,Ayden,11
TR,M,2013,Dylan,11
TR,M,2013,Jason,11
TR,M,2013,Noah,11
TR,M,2013,Alexander,10
TR,M,2013,Anthony,10
TR,M,2013,Caleb,10
TR,M,2013,Eli,9
TR,M,2013,Isaiah,9
TR,M,2013,John,9
TR,M,2013,Logan,9
TR,M,2013,Jack,8
TR,M,2013,Jaden,8
TR,M,2013,Josiah,8
TR,M,2013,Kayden,8
TR,M,2013,Matthew,8
TR,M,2013,Michael,8
TR,M,2013,Aaron,7
TR,M,2013,Adam,7
TR,M,2013,Alex,7
TR,M,2013,Amir,7
TR,M,2013,Ian,7
TR,M,2013,Joseph,7
TR,M,2013,Justin,7
TR,M,2013,Kevin,7
TR,M,2013,Mason,7
TR,M,2013,Nathan,7
TR,M,2013,Samuel,7
TR,M,2013,Skyler,7
TR,M,2013,Tyler,7
TR,M,2013,Andy,6
TR,M,2013,Benjamin,6
TR,M,2013,Damien,6
TR,M,2013,Ezra,6
TR,M,2013,Gabriel,6
TR,M,2013,George,6
TR,M,2013,Isaac,6
TR,M,2013,Jace,6
TR,M,2013,Jake,6
TR,M,2013,Julio,6
TR,M,2013,Levi,6
TR,M,2013,Lucas,6
TR,M,2013,Micah,6
TR,M,2013,Miguel,6
TR,M,2013,Alan,5
TR,M,2013,Andrew,5
TR,M,2013,Angel,5
TR,M,2013,Dante,5
TR,M,2013,Dwayne,5
TR,M,2013,Emmanuel,5
TR,M,2013,Eric,5
TR,M,2013,Evan,5
TR,M,2013,Frank,5
TR,M,2013,Jade,5
TR,M,2013,Jose,5
TR,M,2013,Kaleb,5
TR,M,2013,Luke,5
TR,M,2013,Nathaniel,5
TR,M,2013,Robert,5
TR,M,2013,Roy,5
TR,M,2013,Steven,5
TR,M,2014,Daniel,25
TR,M,2014,Noah,21
TR,M,2014,David,20
TR,M,2014,Joshua,16
TR,M,2014,Liam,16
TR,M,2014,Joseph,15
TR,M,2014,Aiden,14
TR,M,2014,Jeremiah,13
TR,M,2014,Lucas,13
TR,M,2014,Gabriel,12
TR,M,2014,Jacob,12
TR,M,2014,Logan,12
TR,M,2014,William,12
TR,M,2014,Aaron,11
TR,M,2014,Elijah,11
TR,M,2014,Kevin,11
TR,M,2014,Ryan,11
TR,M,2014,Caleb,10
TR,M,2014,Ethan,10
TR,M,2014,Jason,10
TR,M,2014,Matthew,10
TR,M,2014,Michael,10
TR,M,2014,Tyler,10
TR,M,2014,Alexander,9
TR,M,2014,Christopher,9
TR,M,2014,Jayden,9
TR,M,2014,Mason,9
TR,M,2014,Andrew,8
TR,M,2014,Andy,8
TR,M,2014,James,8
TR,M,2014,Kyle,8
TR,M,2014,Vincent,8
TR,M,2014,Zion,8
TR,M,2014,Brandon,7
TR,M,2014,Evan,7
TR,M,2014,Ian,7
TR,M,2014,Jordan,7
TR,M,2014,Kaden,7
TR,M,2014,Kayden,7
TR,M,2014,Thomas,7
TR,M,2014,Anthony,6
TR,M,2014,Arthur,6
TR,M,2014,Damian,6
TR,M,2014,Dominic,6
TR,M,2014,Dylan,6
TR,M,2014,Eli,6
TR,M,2014,Emmanuel,6
TR,M,2014,Eric,6
TR,M,2014,Ezra,6
TR,M,2014,Isaac,6
TR,M,2014,Joel,6
TR,M,2014,John,6
TR,M,2014,Justin,6
TR,M,2014,Marcus,6
TR,M,2014,Micah,6
TR,M,2014,Patrick,6
TR,M,2014,Paul,6
TR,M,2014,Adrian,5
TR,M,2014,Ezekiel,5
TR,M,2014,Grayson,5
TR,M,2014,Isaiah,5
TR,M,2014,Jace,5
TR,M,2014,Jack,5
TR,M,2014,Josiah,5
TR,M,2014,Landon,5
TR,M,2014,Leonardo,5
TR,M,2014,Nathaniel,5
TR,M,2014,Richard,5
TR,M,2014,Shawn,5
TR,M,2014,Steven,5
TR,M,2015,David,24
TR,M,2015,Daniel,22
TR,M,2015,Michael,21
TR,M,2015,Elijah,18
TR,M,2015,Noah,16
TR,M,2015,William,16
TR,M,2015,Alexander,14
TR,M,2015,Aiden,13
TR,M,2015,Ethan,13
TR,M,2015,Jayden,13
TR,M,2015,John,13
TR,M,2015,Josiah,12
TR,M,2015,Caleb,11
TR,M,2015,Jacob,11
TR,M,2015,Jeremiah,11
TR,M,2015,Liam,11
TR,M,2015,Andy,10
TR,M,2015,Isaiah,10
TR,M,2015,Mason,10
TR,M,2015,Sean,10
TR,M,2015,Thomas,10
TR,M,2015,Christian,9
TR,M,2015,Eric,9
TR,M,2015,Henry,9
TR,M,2015,Joshua,9
TR,M,2015,Kayden,9
TR,M,2015,Kevin,9
TR,M,2015,Luke,9
TR,M,2015,Nathan,9
TR,M,2015,Andrew,8
TR,M,2015,Ezekiel,8
TR,M,2015,Jason,8
TR,M,2015,Logan,8
TR,M,2015,Malachi,8
TR,M,2015,Ryan,8
TR,M,2015,Angel,7
TR,M,2015,Anthony,7
TR,M,2015,Charles,7
TR,M,2015,Isaac,7
TR,M,2015,Leo,7
TR,M,2015,Mark,7
TR,M,2015,Micah,7
TR,M,2015,Nathaniel,7
TR,M,2015,Paul,7
TR,M,2015,Samuel,7
TR,M,2015,Zayden,7
TR,M,2015,Aaron,6
TR,M,2015,Alan,6
TR,M,2015,Alex,6
TR,M,2015,Ayden,6
TR,M,2015,Christopher,6
TR,M,2015,George,6
TR,M,2015,Javier,6
TR,M,2015,Jayce,6
TR,M,2015,Jesse,6
TR,M,2015,Joseph,6
TR,M,2015,Lincoln,6
TR,M,2015,Lucas,6
TR,M,2015,Prince,6
TR,M,2015,Zion,6
TR,M,2015,Adrian,5
TR,M,2015,Albert,5
TR,M,2015,Allen,5
TR,M,2015,Benjamin,5
TR,M,2015,Carter,5
TR,M,2015,Eli,5
TR,M,2015,Evan,5
TR,M,2015,Ezra,5
TR,M,2015,Ian,5
TR,M,2015,James,5
TR,M,2015,Jose,5
TR,M,2015,Kaiden,5
TR,M,2015,Matthew,5
TR,M,2015,Robert,5
TR,M,2015,Roman,5
TR,M,2015,Tony,5
TR,M,2015,Vincent,5
TR,M,2016,Daniel,22
TR,M,2016,Jason,19
TR,M,2016,Aiden,18
TR,M,2016,Liam,18
TR,M,2016,David,17
TR,M,2016,James,16
TR,M,2016,Ethan,15
TR,M,2016,Jayden,15
TR,M,2016,Joshua,15
TR,M,2016,Aaron,14
TR,M,2016,Elijah,14
TR,M,2016,Lucas,14
TR,M,2016,William,14
TR,M,2016,Gabriel,13
TR,M,2016,Henry,12
TR,M,2016,Michael,12
TR,M,2016,Noah,12
TR,M,2016,Jacob,11
TR,M,2016,Kevin,11
TR,M,2016,Samuel,11
TR,M,2016,Mason,10
TR,M,2016,Adam,9
TR,M,2016,Alexander,9
TR,M,2016,Andy,9
TR,M,2016,Eason,9
TR,M,2016,Joseph,9
TR,M,2016,Josiah,9
TR,M,2016,Logan,9
TR,M,2016,Micah,9
TR,M,2016,Alan,8
TR,M,2016,Allen,8
TR,M,2016,Antonio,8
TR,M,2016,Christopher,8
TR,M,2016,Dylan,8
TR,M,2016,Kaiden,8
TR,M,2016,Nathaniel,8
TR,M,2016,Thomas,8
TR,M,2016,Alex,7
TR,M,2016,Emmanuel,7
TR,M,2016,Evan,7
TR,M,2016,George,7
TR,M,2016,Ian,7
TR,M,2016,Isaiah,7
TR,M,2016,Jeremiah,7
TR,M,2016,Roman,7
TR,M,2016,Stephen,7
TR,M,2016,Abraham,6
TR,M,2016,Andrew,6
TR,M,2016,Anthony,6
TR,M,2016,Chris,6
TR,M,2016,Christian,6
TR,M,2016,Connor,6
TR,M,2016,Gavin,6
TR,M,2016,Hunter,6
TR,M,2016,Jaden,6
TR,M,2016,Jasper,6
TR,M,2016,Jeremy,6
TR,M,2016,Juan,6
TR,M,2016,Kai,6
TR,M,2016,Kayden,6
TR,M,2016,Matthew,6
TR,M,2016,Tyler,6
TR,M,2016,Adrian,5
TR,M,2016,Albert,5
TR,M,2016,Benjamin,5
TR,M,2016,Brian,5
TR,M,2016,Cayden,5
TR,M,2016,Charles,5
TR,M,2016,Damian,5
TR,M,2016,Elias,5
TR,M,2016,Eric,5
TR,M,2016,Ezekiel,5
TR,M,2016,Jack,5
TR,M,2016,Jericho,5
TR,M,2016,Justin,5
TR,M,2016,King,5
TR,M,2016,Luke,5
TR,M,2016,Owen,5
TR,M,2016,Roy,5
TR,M,2016,Ryan,5
TR,M,2016,Sean,5
TR,M,2016,Sebastian,5
TR,M,2016,Tristan,5
TR,M,2016,Vincent,5
TR,M,2017,Ethan,23
TR,M,2017,Kevin,21
TR,M,2017,Daniel,19
TR,M,2017,William,18
TR,M,2017,Michael,15
TR,M,2017,Lucas,14
TR,M,2017,Joshua,13
TR,M,2017,Liam,12
TR,M,2017,Logan,12
TR,M,2017,Noah,12
TR,M,2017,Allen,11
TR,M,2017,Andy,11
TR,M,2017,Jayden,11
TR,M,2017,Jeremiah,11
TR,M,2017,John,11
TR,M,2017,Nathan,11
TR,M,2017,Christopher,10
TR,M,2017,David,10
TR,M,2017,Jason,10
TR,M,2017,Mason,10
TR,M,2017,Aiden,9
TR,M,2017,Elijah,9
TR,M,2017,Gabriel,9
TR,M,2017,Joseph,9
TR,M,2017,Aaron,8
TR,M,2017,Alexander,8
TR,M,2017,Henry,8
TR,M,2017,Jonathan,8
TR,M,2017,Josiah,8
TR,M,2017,Matthew,8
TR,M,2017,Adrian,7
TR,M,2017,Ayden,7
TR,M,2017,Isaac,7
TR,M,2017,Jeremy,7
TR,M,2017,Justin,7
TR,M,2017,Kai,7
TR,M,2017,Theodore,7
TR,M,2017,Alan,6
TR,M,2017,Anthony,6
TR,M,2017,Benjamin,6
TR,M,2017,Christian,6
TR,M,2017,George,6
TR,M,2017,Jace,6
TR,M,2017,Jack,6
TR,M,2017,Jordan,6
TR,M,2017,Luke,6
TR,M,2017,Ryan,6
TR,M,2017,Samuel,6
TR,M,2017,Tristan,6
TR,M,2017,Albert,5
TR,M,2017,Alex,5
TR,M,2017,Alvin,5
TR,M,2017,Amaziah,5
TR,M,2017,Amir,5
TR,M,2017,Axel,5
TR,M,2017,Bowen,5
TR,M,2017,Dylan,5
TR,M,2017,Ezekiel,5
TR,M,2017,Frank,5
TR,M,2017,Jacob,5
TR,M,2017,James,5
TR,M,2017,Levi,5
TR,M,2017,Mj,5
TR,M,2017,Peter,5
TR,M,2017,Roman,5
TR,M,2017,Simon,5
TR,M,2017,Steven,5
TR,M,2017,Timothy,5
TR,M,2017,Wilson,5
TR,M,2017,Zion,5
TR,M,2018,Lucas,19
TR,M,2018,William,19
TR,M,2018,Aiden,18
TR,M,2018,Daniel,16
TR,M,2018,Kevin,15
TR,M,2018,David,14
TR,M,2018,Michael,13
TR,M,2018,Evan,12
TR,M,2018,Elijah,11
TR,M,2018,Eric,11
TR,M,2018,Jason,11
TR,M,2018,Jayden,11
TR,M,2018,Liam,11
TR,M,2018,Ryan,11
TR,M,2018,Ethan,9
TR,M,2018,John,9
TR,M,2018,Mason,9
TR,M,2018,Aaron,8
TR,M,2018,Benjamin,8
TR,M,2018,Christian,8
TR,M,2018,Jeremiah,8
TR,M,2018,Josiah,8
TR,M,2018,Kai,8
TR,M,2018,Alexander,7
TR,M,2018,Amir,7
TR,M,2018,Dylan,7
TR,M,2018,Gabriel,7
TR,M,2018,Henry,7
TR,M,2018,James,7
TR,M,2018,Jonathan,7
TR,M,2018,Leo,7
TR,M,2018,Logan,7
TR,M,2018,Allen,6
TR,M,2018,Andrew,6
TR,M,2018,Andy,6
TR,M,2018,Ian,6
TR,M,2018,Jacob,6
TR,M,2018,Jesse,6
TR,M,2018,Noah,6
TR,M,2018,Skyler,6
TR,M,2018,Tristan,6
TR,M,2018,Alex,5
TR,M,2018,Calvin,5
TR,M,2018,George,5
TR,M,2018,Jaden,5
TR,M,2018,Joshua,5
TR,M,2018,Justin,5
TR,M,2018,Landon,5
TR,M,2018,Levi,5
TR,M,2018,Luke,5
TR,M,2018,Matthew,5
TR,M,2018,Steven,5
TR,M,2018,Wyatt,5
